name,age,street,city,state,zip,lng,lat
Megan Jordan,60,229 Clayton Court,Christinaland,Missouri,44645,89.866445,-77.9916495
Jeffrey Marquez,35,4590 Angela Light Suite 949,Laurafort,Maine,00592,-8.494991,69.667024
Anthony Boone,59,98276 Gregory Green Apt. 007,New Danielberg,Oklahoma,53049,-92.329272,53.572540
Cody Harris,52,95933 Kimberly Heights,Jacksonbury,Delaware,15133,-160.484959,-8.7133665
Mariah Flores,79,23297 Garcia Landing,Brianhaven,South Dakota,38107,-115.854439,-85.3062455
Ashley Lee,29,55529 Roach Islands,Martinview,Illinois,25279,34.729486,14.2771965
Julia Henry,67,23117 David Land,Lewisborough,Idaho,18625,70.200724,63.549148
David Manning,33,0161 Jeremy Harbors Apt. 609,Johnsonfort,South Dakota,94674,-154.189017,-81.7169945
Colleen Peterson,74,8613 Christopher Stream Apt. 814,Frankberg,Wisconsin,68177,113.163827,-12.796390
Julian Russell,25,030 Mcgee Lake Suite 869,Lake Lauraland,South Dakota,20392,12.662874,67.7103605
John Perez,77,477 Robinson Trace,Port Kathleen,Hawaii,92451,48.974130,52.866822
Michael Mahoney,19,0677 Parsons Camp,East Julieview,Colorado,95854,-160.112433,52.302261
Jessica Brown,44,100 Lambert Ports,East Danielle,Mississippi,37775,51.404339,-21.9483235
Billy Stone,57,612 Lisa Club,Wellsside,Virginia,34591,-61.654408,-88.529529
Matthew Barnett,19,6217 Reginald Drive,Port Alexandra,Missouri,79247,38.078195,36.3124235
Carly Sanchez,36,6207 Thomas Viaduct Apt. 615,East Luisberg,Missouri,09507,177.843407,88.9284075
Michelle Carpenter,19,633 Smith Union Suite 892,Vanessafort,California,81154,-87.697933,58.8366155
Justin Joseph,30,6400 Smith Park Suite 069,Sharonchester,Massachusetts,63930,83.519480,-79.2542335
Gina Frye,23,51214 Keith Pine,Robertstad,Illinois,49797,90.816070,25.9743055
Gabriela Morrow,46,4159 Rodriguez Vista Apt. 186,East Jaime,Vermont,16330,-77.890475,-76.041288
Megan Rosales,65,14118 Debra Place Suite 232,South Donaldmouth,South Dakota,48753,2.326573,84.864506
Travis Owen,78,32199 David Radial,Lake Marvinfort,South Carolina,87422,168.308790,59.3596875
Edward Pham,22,4872 Jones Crossroad,Garciaside,Oklahoma,71297,8.888710,33.740140
Steven Simpson,67,6232 Holder Trafficway Suite 151,West Tinaview,Kentucky,20811,-11.275575,-57.678563
Lisa Price,41,495 Allen Manor Suite 532,New Brian,Tennessee,66983,-59.385112,40.3507355
Max Lozano,67,0022 Shelley Ramp,Cooperhaven,Rhode Island,91292,79.017545,20.1409345
Melanie Peters,34,7486 Amber Roads Apt. 461,New Heidibury,Oklahoma,75508,0.730979,52.518140
Emily Lewis,65,414 Johnson Inlet Suite 867,East Michelleburgh,Mississippi,76618,77.499553,26.573856
Jason Williams,25,585 Foster Plaza,Port Jenniferbury,Montana,98581,-46.970391,35.4307955
Tiffany Booker,23,80446 Johnson Throughway Apt. 582,East Williamborough,Ohio,42304,173.383633,49.411011
Mitchell Rubio,24,2951 Emily Spring,West Helen,Indiana,93847,49.916203,76.6332175
Aaron Smith,75,648 Trujillo Lock,Lake Elizabethfort,Maine,30216,-121.316960,-60.9755475
William Bennett MD,78,9386 David Turnpike Apt. 595,Sotoshire,Arizona,08687,-168.172344,-64.322603
Ryan Washington,46,49870 Alexis Squares,Beckerburgh,West Virginia,77952,115.466387,70.1845765
Michael Willis,32,6678 White Locks,Lake Gregory,Georgia,70583,127.307490,-3.6542945
Ian Novak,53,6712 Chan Corner,West Susan,Hawaii,24042,-43.999098,33.6254295
Tiffany Clements,47,091 Sandra Overpass Apt. 456,East Jamestown,North Carolina,81500,91.104264,71.3046145
Melissa Williamson,64,898 Ortiz Extensions,West Michaelbury,Hawaii,59528,-6.028771,-3.3915465
Kimberly Thomas,31,61040 Moreno Courts Suite 945,Christopherstad,Mississippi,13598,-125.771674,-74.9653415
Robert Hicks PhD,75,85987 Lynn Cliff Apt. 875,Port Jessicastad,Illinois,49655,-153.378744,-36.1470475
Cody Rivers,76,04598 Christopher Orchard,Johnsonborough,Tennessee,44742,-118.801478,-76.3413625
Rachel Garcia,79,311 Paul Meadow,Lindaborough,South Carolina,79843,30.556032,-20.7523955
Sean Thomas,44,35707 Ashley Park,Alexandrachester,Maine,32300,178.567442,32.191015
Erica Castro,56,48082 Price Rest,Jenniferberg,Alabama,10064,36.673051,-14.031506
Elizabeth Stewart,78,4844 John Fields Suite 499,Lauraburgh,Maryland,93812,-3.903782,-13.7334265
Lisa Lowery,28,9578 Freeman Cliffs,Lake Juan,Minnesota,16576,-35.441873,30.649509
Sarah Williams,79,8564 Powell Brooks Suite 486,New Jacob,Florida,62272,60.573649,-26.5565235
Daniel Anderson,80,535 Oconnor Spurs,North Julie,Arkansas,58940,13.971108,-10.846153
Shawn Mahoney,73,4900 Robert Parks Apt. 203,New Justin,Minnesota,20468,-98.909100,-48.275553
Frank Gonzalez,23,063 Vargas Land Suite 359,Port Lauren,Delaware,04882,121.935450,73.926666
Michael Rodriguez,55,66877 Miguel Trafficway,Rachelland,New York,60428,-66.102420,-19.8857935
Jesus Hayes,67,41191 Cunningham Trafficway,Millerborough,Minnesota,76279,-55.438387,-20.0879495
Kelly Reilly,41,1849 Melissa Oval Apt. 614,Robertsonland,Wyoming,47152,-32.923838,20.1958415
Erin Jackson,64,328 Dennis Drive,New Lisaview,New Jersey,06688,-62.873788,-53.433491
Mrs. Maria Brown,31,77180 Anne Roads Suite 170,Greenport,Kentucky,22162,-105.801231,-31.9548855
Kenneth Payne,63,685 Jason Brooks,Melissashire,Texas,34775,117.342314,-2.9203065
Kelli Hamilton,18,562 Olivia Knoll Apt. 061,South Michelebury,New Jersey,37015,77.411595,-35.2741115
Cristina Clark,46,94613 Green Inlet,New Matthewport,Massachusetts,08902,107.875276,-26.265218
Bonnie Reyes,32,8364 Carney Garden,Williamsburgh,Alabama,20146,67.881528,16.784875
Rachel Martin,35,75927 Rachel Hill,Allenside,South Carolina,01214,-134.456171,-86.370554
Jeffrey Cruz,65,3987 Gillespie Lodge Apt. 176,West Martha,Missouri,24013,52.993289,34.403069
Joshua Dennis,30,43657 Brittany Rapid Apt. 315,Crystalmouth,Maine,16137,-160.253951,-55.528747
Rachel Singh,52,4388 Brown Port Suite 315,Port Jeremiahville,Hawaii,45355,-177.477357,-72.836227
Chris Garcia Jr.,42,13631 Taylor Port Suite 071,Vasquezbury,Maine,98111,76.431818,-1.3409085
Carol Rodgers,70,4913 Jennifer Locks,Patrickchester,Texas,71834,58.873305,-32.056497
Monique Davis,70,11703 Kristen Stravenue,Jenniferberg,Delaware,12808,165.008578,-43.854388
Sandra Carroll,73,9192 Coleman Expressway Suite 642,Heatherview,North Dakota,85422,-0.421233,-50.2311895
James Taylor,57,67909 Johnny Mountains,Port Steven,Wyoming,91033,-152.247594,1.447819
Kevin Lewis,51,801 Lisa Run,South Rachelberg,Indiana,69072,169.643298,-11.323503
Timothy Cardenas,72,56825 Elliott Burg Apt. 017,Port Robertfurt,Virginia,42022,104.309567,-2.3588005
Robin Molina,27,903 Adams Avenue Apt. 094,Carolynton,Pennsylvania,52641,130.885067,76.0313455
Tyrone Osborne,42,145 Martin Isle,Lake Samanthaton,Montana,94866,13.148952,44.4472435
Jennifer Robertson,26,5249 Lisa Ports Suite 968,Lake Jeffrey,Colorado,63183,45.458219,-84.786601
Caitlin Hall,46,4511 Bonnie Pass,Lake Patricia,New Hampshire,50995,-154.858423,-38.9231225
Eric Thompson,71,175 Christina Unions,Petersonhaven,Utah,75433,30.016531,-2.388973
Matthew Lozano,79,80918 Trujillo Curve Apt. 383,Sanchezmouth,Alaska,32583,15.115132,84.2094175
Tina Medina,66,363 Hardy Loaf,Karenborough,New Hampshire,58095,136.021969,-66.0915835
Wanda Bass,69,2024 Cole Flats Apt. 570,East Charlesmouth,Michigan,71301,-173.750433,66.482157
Karen Bell,77,07757 King Dam Apt. 058,Hansonberg,Massachusetts,49039,157.707948,-34.393823
Donald Richmond,80,5196 Anne Forges,Hollandborough,Connecticut,24630,134.071406,79.4303575
Micheal Fisher,33,302 Deborah Mission Apt. 451,Lake Leslieland,Iowa,39558,55.413312,-75.9954085
Andrew Glover,69,6226 Leslie Lights Apt. 186,North Deniseville,Montana,59591,98.303081,49.347127
Angel Rivers,66,47824 Smith Fords,Christopherhaven,Hawaii,91840,-114.735501,39.059023
Sandra Robinson,34,1611 William Gateway Suite 798,Alexstad,Texas,09291,129.963556,57.7483095
James Gibson MD,49,4300 Montgomery Station Suite 306,Chavezstad,Indiana,85961,89.280628,59.392737
Lisa Cruz,34,044 Williams Gateway,Port Wendy,Vermont,04647,-35.393257,-42.374583
David Bradford,74,3892 Johnson Courts,Deborahmouth,California,92101,-85.841917,40.4894295
Steven Allen,32,592 Wilkins Villages,Port Davidton,Montana,11215,30.183393,-18.251987
Steven Mullins,78,0459 Kimberly Roads Suite 436,West Ryan,Alaska,17359,77.259880,77.352574
John Graham,60,756 Melton Rue Apt. 176,South Andreaton,Michigan,25150,144.854707,-25.1544645
Michael Stone,60,154 Mercado Vista,Port Jamesshire,Oklahoma,31681,172.626402,-76.8749925
Tamara Adams,53,967 Williams Vista Suite 989,Smithville,Colorado,82120,-166.080546,-7.8577695
Kimberly Stewart,55,1407 Stevenson Station Apt. 630,Donnaville,New York,24542,136.612986,24.8881445
Michael Lee,28,879 Carolyn Trafficway Apt. 255,New Nathan,Connecticut,89707,147.588822,58.3307895
Gabriela Park,71,32020 Cameron Glen Apt. 670,West Teresatown,New Mexico,36049,12.604256,-47.315408
Carrie Shah,54,45403 Brenda Expressway Suite 744,Rushview,Illinois,55515,105.079573,-34.720868
Laura Shaw,45,9983 Christopher Parkways Suite 749,Gregoryborough,Maine,61607,105.538612,-37.0321685
Brittany Allen,21,185 Perez Fork Apt. 426,Torreston,Alabama,70359,41.648827,42.7469795
Alexis Armstrong,28,7770 Avery Harbor Apt. 116,New Lisa,Pennsylvania,51953,-89.854852,-19.7439885
Terrance Trevino,56,646 Ferguson Well Apt. 763,Andrewberg,Arkansas,36351,-102.679962,-72.458651
Julie Burnett,46,1473 Ricky Trail,Angeltown,Maine,40360,-160.615557,-29.6726445
Robin Morrow,65,20320 Williams Village Apt. 015,South Allenbury,New Hampshire,87859,-97.687156,1.2604115
Jacob Sawyer,39,508 Brent Landing Suite 755,Port Michele,New Mexico,31956,-96.173288,-41.9979885
Cindy Shepherd,33,803 Jones Brook,Daniellestad,New York,77981,102.782969,22.5409435
Jennifer Maldonado,29,85214 Rogers Wells,South Alexis,Kentucky,49846,136.271192,-76.1730565
Taylor Trujillo,67,59685 Adam Cove Suite 536,East Ashleymouth,Rhode Island,86762,115.731645,-41.2401985
Adrienne Davis,34,8839 Escobar Junctions,Rosehaven,Idaho,69361,78.848469,-77.934701
Victoria Singh,75,54048 Gallagher Springs,Hodgesstad,Virginia,55432,-131.181571,81.289917
Chase Montes,75,365 Paula Valley Suite 076,Lake Ericside,Hawaii,66783,123.769313,-7.624384
Sandra Vega,65,7273 Shaffer Island,Limouth,Vermont,84959,147.432239,63.117315
Veronica Ramirez,63,7432 Davis Trail,Port Jon,Virginia,66748,0.973225,4.469211
Tiffany Brennan,55,74668 Christopher Curve,Lake Jason,Washington,49796,70.484777,27.9719245
Shelia Osborn,45,03804 Deborah Landing Apt. 284,East Racheltown,New Jersey,09087,91.733378,-46.1062055
Anthony Wilson,45,5454 Daniel Falls,Lake Jefferyhaven,Colorado,94852,-37.164335,-20.2753405
Laura Martinez,27,442 Alison Courts Suite 444,New Sandra,North Dakota,45901,-152.375538,-46.3949705
Randy Campbell,19,0917 Payne Land Suite 689,Lake Paulahaven,Alaska,16879,-93.004905,13.3005945
Kathy Hale,47,026 Guerra Trafficway Apt. 802,North Alexa,Arizona,77600,-4.774144,-69.3775375
Ashlee Wolf,28,19637 Anita Harbors Apt. 108,Downsfurt,Florida,22945,118.803506,0.745669
Russell Harris,34,297 Davis Mill,Port Ronaldland,Tennessee,05944,-160.405571,-46.3846615
Sarah Watkins,56,908 Kimberly Radial,South William,Michigan,82789,-176.247440,-53.3461145
Colton Perez,46,76137 Townsend Villages Suite 415,Melissaborough,Wisconsin,04044,-47.474085,-64.117586
Kevin Dunn,25,48322 Alvarez Garden,Pollardborough,Vermont,02170,-72.805813,72.7724545
Kenneth Patterson,29,93587 Chavez Islands,West Danielview,West Virginia,56054,-47.552480,59.1688455
Jorge Phillips,70,3585 Amy Cliffs,North Emilymouth,Wyoming,58168,77.077458,-62.2948395
Michael Carter,31,79678 Warren Knoll,Vancebury,Hawaii,66719,176.837044,-76.462041
Justin Pittman,53,460 Michael Point Apt. 703,Albertfurt,New York,38226,-119.587095,85.588890
Cody King,59,7813 Lynch Walk Suite 478,West Nicholasview,New Jersey,74938,114.250196,-40.711351
Andrew Pineda,67,430 Oconnor Ranch,Adamberg,Kansas,91542,82.270241,51.403556
Austin Hall,70,968 Guzman Landing,East Stephanie,Wisconsin,88465,-16.039910,-51.941052
Jonathan Choi,24,2365 Dominguez Corners Apt. 552,Lisabury,Alaska,37728,66.442048,77.603623
Kyle Stephens,18,5314 Jason Islands,Teresaborough,Maryland,32819,-52.465024,5.9493685
Natalie Peters,77,12046 Swanson Run,Randolphhaven,Wyoming,54316,27.899307,-0.7726275
William Weeks,19,13790 Wendy Drive,Millerview,Colorado,52746,-76.141528,36.6666485
Jennifer Johnson,31,75558 Michelle Walks Suite 435,Tamaraview,Arkansas,57957,89.485563,-63.6540225
Christopher Diaz,61,46914 Lewis Ports Suite 777,Robertshaven,Illinois,26041,46.230105,40.3971805
Renee Burns,72,06324 Michele Mills,Ochoabury,Minnesota,33889,7.911687,67.234462
Julia Roberts,42,183 Megan Hills,West Michelleshire,Kansas,44632,-161.425485,-51.408821
Jennifer Flynn,61,9272 Wall Orchard Suite 130,Johnsonmouth,Delaware,44302,9.294192,-53.876634
Darren Martin,21,69520 Tiffany Divide Suite 948,Lake Ashley,Michigan,92201,-78.036133,63.3477275
Alicia Hodge,58,22797 Laura Plains Apt. 611,Port Chad,Nevada,48656,-175.540807,24.0487395
Justin Ruiz,57,139 Cardenas Tunnel,East Donaldmouth,Minnesota,78930,127.464267,-68.6957825
Ms. Kristy West,56,491 Estrada Plain,West Ginaborough,Minnesota,34131,-12.027616,-7.1875015
Courtney Shelton,38,02762 Crystal Forest Suite 731,Chasefurt,South Dakota,15317,-75.029343,14.970960
Deborah Rodgers,48,9137 James Shores,Ericburgh,Washington,97797,50.513180,-28.1770815
Kristina Young,22,39237 Lopez Fords Suite 702,Watsonside,Louisiana,83510,-166.582129,-61.1303585
Megan Carpenter,67,5708 Campbell Lane Suite 829,New Richard,Tennessee,68971,-27.100858,-21.933110
Sabrina Cabrera,30,627 Williams Tunnel,Port Timothy,Wisconsin,37028,-57.353219,3.310974
Logan Howard,76,6180 Mathews Camp,New Tracyview,Iowa,70691,-147.355254,43.626333
John Brock,57,837 Kristina Crescent Suite 493,Port Jacquelinehaven,Minnesota,00894,-41.897804,15.699077
Elizabeth Hoffman,25,5095 Megan Light,Cookmouth,North Carolina,49633,92.882577,-46.750712
Douglas Sanders,77,18969 Pena Burg Apt. 953,Karenbury,West Virginia,19415,-67.715158,-82.9903965
Erik Robinson,18,2546 Stevens Plaza Suite 600,Lisafurt,California,83770,-81.053006,31.420531
Mark Richmond,19,6238 Wilson Loop Apt. 497,Tiffanybury,Wyoming,30941,-134.685657,-42.327627
Vanessa Cabrera,63,3743 David Union,Grayshire,Vermont,25874,-19.110148,53.0559235
Joshua Reed,44,217 Teresa Drive,Fergusonside,Wisconsin,03699,134.616884,-79.4394575
Scott Brown,23,914 Walters Haven,West Gabrielle,California,26834,154.368940,-39.785257
Jacqueline Chavez,63,9603 Andrew Park,Port Heidimouth,Massachusetts,87308,140.016012,-85.3595775
Rebecca Blackburn,74,4765 Jordan Street Suite 269,South Jay,Kansas,62819,-73.326075,14.293550
Rhonda Kemp,19,125 Natasha Bypass Suite 282,Ellisonville,Oregon,58149,-55.338112,-65.140644
Mr. Jonathan King,59,1879 Fisher Trail Apt. 288,West Diana,Hawaii,98963,50.644047,-55.4612735
Elizabeth Marshall,57,49787 Rachel Views Suite 191,Carpenterhaven,Connecticut,80847,-18.356697,-59.8065125
Teresa Sherman,19,033 Lisa Stream,North Allison,Connecticut,21696,46.313404,-0.2160035
Steven Wood,48,51082 Lawson Court Suite 721,Hillside,Missouri,06407,12.901995,-77.0387805
Aaron Andrews,24,4252 Diane Brooks,Chamberston,Oregon,69353,119.704271,-60.566663
Valerie Schultz DDS,50,037 Travis Ridges Suite 622,Eddiechester,Virginia,42935,159.901261,1.9988245
Heather Perry,41,921 John Ranch,North Mitchell,Kansas,69680,58.452592,89.642904
Stephanie Lewis,39,69406 Anderson Islands,Port Eric,Hawaii,56183,-62.805864,-81.2207455
Ryan Gonzalez,22,6591 Williams Mills,Burnettton,South Dakota,77529,55.341574,45.6741435
Ryan Jones,36,6644 Long Radial Apt. 143,South Angelica,Hawaii,18239,-103.178242,10.821101
Andrew Hill,36,919 Hernandez Freeway Apt. 919,South William,Kentucky,14124,34.215586,89.6489635
Roger Mitchell,26,838 Austin Shore,Stricklandtown,New York,14677,156.610716,18.514680
Robert Gonzalez,66,47061 Mark Groves,Port Kimberlyfort,Georgia,50738,-57.340833,69.1178875
Adam Jones,66,9601 Nicole Fall,Sherylmouth,Maryland,65507,145.725398,46.049746
Kenneth Everett,47,545 Gordon Lakes,Sarahmouth,Rhode Island,39845,-33.259896,-42.4464235
Joseph Mcfarland,27,9168 Mary Cliffs,New Judithborough,North Dakota,95261,-30.718816,20.269911
Debra Acosta,67,294 Sherman Lane,Hawkinsland,Pennsylvania,94596,-32.246233,-15.5259975
Renee Brown,30,3555 Todd Canyon,Lake Olivia,New Jersey,20515,-16.552880,52.3584395
Phillip King,50,65485 Justin Field,New Lauren,Missouri,08396,-158.270111,67.0699745
Brandon Barrett,32,074 Mills Stream,Walkerchester,California,86838,-48.489201,-86.725188
Joshua Brown,30,14664 Jackson Locks Suite 122,New Dustin,Delaware,73932,-31.417361,46.7516825
Andrea Patrick,61,05947 Jennifer Springs Suite 120,Port Shawn,New Jersey,08381,-45.900809,41.5035815
Devon Sutton,21,44975 Brenda Spur,Richardmouth,Connecticut,37887,-151.573501,10.020576
David Williams,67,8998 Vargas Manor Suite 525,Port Philip,Maine,12019,-150.291340,-67.692451
Amanda Robinson,77,70035 Gregory Stravenue Apt. 999,New Kevinport,Iowa,58704,-46.514732,51.542065
Margaret Conley,25,94295 Troy Turnpike,East Thomas,Pennsylvania,53128,-6.295808,57.2622395
Autumn Jackson,27,5506 Quinn Flat Apt. 899,Troyshire,Missouri,10767,-16.927667,-64.5417595
Patrick Alvarez,35,502 Erica Cliffs Apt. 338,Garciaburgh,Pennsylvania,51611,-71.492495,-68.736149
Brittany Burke,41,1828 Kelsey Mountains Apt. 600,West Adammouth,Alaska,63960,84.060899,-15.250762
Jessica Davidson MD,34,51220 David Throughway Apt. 696,South Williamshire,New Jersey,11462,158.841147,-51.637406
Tracey Adams,73,4000 Leah Fork,West Alexland,Indiana,28544,-121.073180,65.9584625
Ashley Green,77,231 Moore Ranch Apt. 775,East Lorifurt,New Hampshire,85401,130.807576,38.278592
Alan Humphrey,54,320 Elizabeth Extensions Apt. 363,Johnsonville,Wisconsin,50534,-3.346956,52.9153575
Jordan Collins,77,459 Hernandez Loaf Apt. 549,East Marystad,Nebraska,82618,-118.389725,8.482986
Robert Brennan,48,2724 Kathleen Rapid,Port Dawn,Iowa,19255,-11.882233,59.9700585
Kathleen Williams,29,368 Samuel Streets,Lake Sarahmouth,Ohio,17310,-177.604248,-6.104338
Bradley Newman,66,3233 Julie Unions,Vargasfort,Alabama,59342,122.035337,78.5828475
Jerry Ramirez,34,04994 Lindsay Wall Apt. 273,South Destiny,Nevada,92265,-170.389800,-54.279563
Michael Chapman,49,38504 Ruiz Court,Boothmouth,Nebraska,14784,176.172441,-81.2511645
Derek Brown,67,2104 James Neck Apt. 851,Sloanview,New Mexico,57250,-61.413486,-53.6001815
David Bradley,54,54519 Flores Trace Suite 308,Ortizmouth,Michigan,01010,26.816522,-14.273025
Stephen Brown,49,7078 Williams Alley Suite 369,West Alexanderfurt,Oklahoma,54707,-63.026102,-48.012926
Scott Mcclain,52,5068 Gary Station Suite 067,Owensburgh,Alaska,02728,118.724494,24.7649175
Marie Rosario,20,6108 Keith Ferry Suite 849,New Michaelfurt,Alabama,76046,-144.880276,-23.4096155
Nichole Morgan,38,976 Donna Extensions Apt. 841,Dodsonhaven,Oregon,65540,112.102838,-82.591245
Ryan Richardson,79,746 Grant Road,Lake Randallmouth,West Virginia,33858,-104.778406,20.176389
Dennis Walker,50,750 Barr Springs,New Brandon,Maine,24386,-113.000744,56.6024245
Tina Stone,29,68496 Thomas Street Suite 005,Cynthiaborough,Rhode Island,87113,44.112268,-87.3249855
Peggy Williams,51,896 Barbara Neck,Garciatown,Iowa,12418,-167.758971,80.045991
Erica Wheeler,25,578 Nicole Garden Apt. 145,West Maurice,Louisiana,44409,75.958387,-67.592023
Kathy Farmer,35,8097 Andrea Unions,Russellfort,West Virginia,79000,38.916129,-69.798456
John Dalton,23,089 Sean Gardens Apt. 889,East Brendatown,Ohio,58919,-74.013720,-82.1381475
Danielle Warner,60,70032 Benson Garden Apt. 174,East Courtneymouth,Maine,23895,140.703310,-13.549832
Christopher Gaines,50,6679 Gonzalez Manor,New Joshua,Wyoming,34815,105.844949,4.932942
Samantha Cherry,77,5825 Duran Lakes,Davidchester,Idaho,33433,-138.623001,19.819920
Manuel Caldwell,37,4019 Adams Rue Suite 119,South David,Pennsylvania,30373,69.315393,-26.6752075
Joseph Russell,41,2801 Matthew Canyon,Jacquelinetown,New Mexico,70868,41.452729,-54.6772875
Cody Lowery,52,8159 Jones River Suite 534,Port Christianborough,Kentucky,74665,-58.046591,-52.147469
Joshua Richard,80,830 Heidi Crescent,New Yvette,Tennessee,80688,-128.567928,-66.993615
Elizabeth Young,69,22344 Theresa Fall,Baldwinton,Maryland,19001,175.508059,-72.215427
Amy Barber,43,954 Smith Hollow Apt. 108,South Matthew,New York,50427,62.591293,47.628132
Michael Lopez,24,97479 Jennifer Bridge Apt. 587,Port Michaelland,Wisconsin,43505,-40.928668,-25.530187
Michelle Cruz,40,064 David Lakes Suite 818,West Lisahaven,Indiana,31331,-87.852054,-82.259008
Drew Kramer,50,0115 Maldonado Island,New Christian,Utah,28572,-162.977135,31.506238
Harry Mathis,53,0831 Jenny Forest,East Jessicaside,New Hampshire,44803,-2.972385,39.645090
Sue Edwards,33,306 Brooke Lock Apt. 023,Richardsonhaven,Arkansas,11518,-130.186744,-26.9384075
Andre Mcgrath,36,478 Moore Mill,West Jasonton,Washington,72433,95.309926,1.6015035
Bonnie Wilkerson,72,6679 Cook Junctions Suite 852,Armstrongchester,Maine,37474,-36.785361,-1.862057
Jamie Ali,22,9159 Richard Rue,Lake Stephaniechester,Massachusetts,97324,143.680729,32.9001075
Katherine Hansen,29,277 Arnold Club Apt. 689,South Oliviaville,Washington,55560,165.847021,48.9299045
Mr. Steven Andrews,58,9212 Anthony Mills,North Stacey,North Dakota,17638,-157.090586,56.116538
Tina Daniels,75,4142 Tanya Grove,North Zacharyfort,New Mexico,15784,-168.135369,58.630429
Michelle Adams,27,98906 Steve Falls Suite 431,Port Stacy,Illinois,68592,-2.376896,1.8481155
Samantha Maxwell,65,6422 Sanchez Mission Apt. 304,West Kellychester,Nebraska,17504,142.526613,65.737377
Bryan Sanchez,37,802 Hughes Way Suite 950,Tracyport,New Jersey,75582,69.489263,16.669891
Heidi Foley,59,17982 Allen Ridges,Guerrerochester,Arkansas,57496,133.633814,-55.5567495
Richard Phillips,34,578 Brenda Turnpike,West Deborahton,Wisconsin,98342,-70.516050,28.084129
Michele Vazquez,36,351 Jeffrey Square Suite 712,Tanyafort,Missouri,46173,9.836054,-13.9977705
Jose Daniels,58,5316 Hobbs Street Suite 748,Adamschester,New Hampshire,97906,147.408801,-17.926460
Adam Curry,75,3167 Davis Harbors Suite 287,North Christinehaven,Virginia,14659,-140.033048,83.6833975
Cory Young,19,62535 Amy Plains Suite 747,South Scott,Maine,91775,-130.887403,-5.4522275
Andrew Gomez,67,338 Perez Rapids,North Joshuastad,Missouri,24424,-16.685717,-78.6163175
Rebecca Hughes,28,663 Tracy Court Suite 582,Port Becky,Colorado,58264,74.951726,54.098839
Theresa Alvarez,75,562 Janet Mountains Suite 768,Nicolefort,West Virginia,29670,-67.976856,68.5733185
Stacey Garcia,26,591 Nicole Overpass,North Derrickstad,New Mexico,84358,84.312947,9.560519
Paula Crawford,64,790 Simmons Wall Apt. 781,Anthonyhaven,Nebraska,24951,-3.344738,-89.234744
Carrie Brown,19,8936 Rose Crest,Johnsonland,South Carolina,86808,-52.201548,-53.152403
Kristy Huber,45,1595 Miles Highway,Deniseland,Wisconsin,38593,64.356995,84.820184
Daniel Garrison,57,801 Rhodes Fall Suite 754,Lynnberg,New York,91501,74.801503,22.6691375
Allison Marshall,71,1733 Watson Locks,Port Pedrostad,Colorado,06895,-113.522034,52.677095
Philip Landry,72,3796 Rivera Throughway Apt. 028,Louisshire,Maryland,13001,13.742188,-61.2706905
William Graham PhD,56,3363 Mary Brooks,Port Donald,Wyoming,06711,-37.238488,24.5423285
Kimberly Manning,22,04752 Wright Plains,East Chad,Indiana,12937,-67.754515,59.349737
Alexandra Mitchell,56,11472 Soto Vista,Yatesborough,North Dakota,10450,-87.027591,-47.8697835
Rachel Ingram,48,1011 Alexis Gardens,New Debbie,Alabama,69603,-89.465356,-44.0339685
Teresa Clark,50,767 Brian Streets,West Juan,Delaware,00681,177.210663,-30.1335455
Crystal Holmes,72,587 Melissa Parks Suite 995,North Rebeccatown,Minnesota,18529,10.575813,-50.548563
Carol Page,24,4893 David Road Suite 844,Stephanieshire,Connecticut,38782,-110.271475,-86.995622
Kevin Williams,34,594 Angela Green,Lopezmouth,Texas,69896,-130.642720,23.302709
Sarah Anderson,23,077 Hernandez Forks Apt. 483,North Albert,Wisconsin,54668,177.358620,73.4861335
Faith Thompson,51,8196 Joann Station Suite 828,East Karenview,Nebraska,90224,-71.629384,-13.6184555
William Wood,44,346 Peck Field,Anthonybury,South Carolina,80791,29.407716,-49.9158315
Michael Ross,56,10254 Jennifer Ports,Meyerburgh,Mississippi,83122,164.941155,54.078531
Jordan Lopez,55,43764 Mendez Crossing Suite 632,Thomasstad,Oregon,52514,124.450726,41.697987
Jesse Wright,22,639 Calderon Cliff,Kimberlybury,Ohio,74410,-151.567628,-63.2897975
Monica Stewart,40,6123 Mark Trail Apt. 812,Murphyville,Virginia,43254,2.157250,72.871800
Jorge Prince,71,6673 Jenna Forge Apt. 718,Mendozahaven,Arkansas,29201,-12.848823,-44.8712615
Sydney Carter,47,371 Jay Parkways Suite 791,West Benjamin,Maryland,13033,-119.731546,67.316966
Stephen Harris,26,35938 Renee Unions Apt. 168,West Williamside,Rhode Island,86772,176.406011,17.088157
Chris Weeks,43,0949 Melissa Ramp,Port Ronald,Montana,07679,-0.288933,-1.4716115
Nicole Haas,78,34453 Chandler Forges Suite 658,South Hannahfurt,Massachusetts,17940,-100.717419,-22.808921
Brian Freeman,30,2318 Patterson Rest,South Anthonyland,West Virginia,20573,-40.075327,-28.2350785
Stephanie Bryant,57,82339 Rachael Prairie,West Jasonshire,Vermont,77575,94.529189,-49.445736
Amy Aguilar,58,92093 Lawrence Crossing,South Andrea,North Dakota,13587,160.675617,-32.2786655
James Walter,34,469 Soto Lake,New Herbertville,Florida,33284,-103.131449,-74.3929495
Carlos Gonzales,22,21870 Mark Union,Hunterbury,North Carolina,23942,-110.339184,3.675988
Ernest Edwards,76,17420 Tim Track Suite 620,Rachelland,South Dakota,82542,56.191456,2.213248
Vincent Hamilton,72,5346 Sandra Ville,Tuckerton,New Jersey,87731,-54.906456,28.0611795
Sheila Vincent,78,245 Warren Landing Apt. 884,West Heidi,New Hampshire,68747,-55.488815,68.5635965
Jose Warner,43,4150 Andrea Flats Suite 771,North Brian,North Dakota,46461,24.375623,3.193143
Martin Brooks,34,4545 Molly Springs Suite 208,Crystalview,Alaska,25762,28.711841,-68.9241205
Scott Jackson,20,5531 Townsend Vista Apt. 546,Jonathanmouth,Pennsylvania,19514,157.668476,-16.4307935
Sonya Kennedy,40,48362 Melissa Rest,Fisherberg,Pennsylvania,78567,-150.745255,43.3665315
Christina Adams,73,6593 Wolf Station Suite 223,Jensenburgh,Connecticut,38635,-171.116575,36.1682085
Nicholas Nicholson,26,06322 Choi Burgs Suite 283,Juliechester,Minnesota,79621,33.407794,-26.9191265
Jessica Sheppard,26,68976 Victoria Summit Suite 408,Michellemouth,Michigan,30706,170.905799,7.4353575
Jacob Powell,78,13110 Kathleen Knoll,Davisport,Nebraska,24238,-100.443783,-10.918425
Susan Cowan,30,150 Veronica Crossing Apt. 995,Munozborough,Minnesota,64477,-14.942227,-28.195161
Dawn Lyons,66,21608 Lee Mews Suite 894,Ericamouth,Michigan,34142,149.348503,-38.489504
David Vazquez,68,158 Hannah Vista Apt. 267,South Anthonymouth,Nevada,44230,-132.413174,-17.5455305
Mrs. Wendy Warren MD,55,2015 John Mountain Apt. 664,East Davidshire,Georgia,07122,56.574108,-47.5781175
Michael Edwards,27,80098 Julia Plaza Suite 263,West Amy,Virginia,72938,127.349204,76.718066
Steven Fitzgerald,69,711 Campbell Knolls Apt. 565,Jasonberg,Georgia,76520,-83.522684,55.6795645
Steven Vaughn,25,54022 Angela Isle,Lisastad,Kentucky,64965,109.284485,26.1232915
Valerie Boyd,31,1721 John Lights,New Dylantown,Massachusetts,21991,167.889327,52.9777855
Carrie Smith,44,139 Rebecca Loaf,Turnerburgh,Nevada,43102,90.721757,29.211649
Bradley Moreno,41,08911 Clark Viaduct Apt. 341,Lake Jonathanchester,Alaska,47082,77.924632,-63.5618555
Stanley Blair,71,55788 Christine Spring,North Jessicafort,Idaho,43628,-89.687822,10.1741105
Christy Cervantes,51,04425 Johnson Crossing Apt. 841,West Jessica,Georgia,54200,-113.628521,-28.9840255
Melanie Wheeler,37,707 Martinez Terrace,Brianstad,Massachusetts,52932,81.072413,32.7993715
John Smith,54,75167 Heather Well Apt. 433,North Brandon,Utah,38982,112.895210,-30.1439415
Amber Wilson,66,399 Boyer Prairie Apt. 287,Hudsonton,Louisiana,81559,82.544095,-6.1914395
Jared Cooper,75,028 Kimberly Crescent,West Amberview,Arizona,18219,-66.787353,36.6497915
Karina Jones,21,793 Brown Pike Suite 818,Obrientown,North Carolina,04141,-67.648924,-45.699606
Joshua Harris,45,24447 Henry Villages Apt. 252,South David,Missouri,28095,160.059196,43.683008
Kelly Santiago,64,9288 Harris Rue Apt. 992,Jesusstad,Iowa,39620,41.658537,-77.979618
Melissa Sanders,25,112 Wright Wall Suite 034,North Elizabeth,Indiana,55018,-51.770679,-32.6341445
Tiffany Lopez,76,2880 Chaney Lodge,Port Kevinchester,Washington,68762,104.771929,82.629257
Alicia Richard,39,72241 Barry Village,Lopezstad,Arizona,20858,179.168150,-36.2386245
Emily Baxter,76,31015 Zuniga Mills,Douglasmouth,Nebraska,27257,-153.754801,-50.4516525
Kyle Parrish MD,79,9845 Jones Parkway,Laurafurt,Virginia,72217,166.403602,-87.3068705
Erik Morrow,71,45533 Elizabeth Route,Robertland,South Dakota,81331,78.263303,-87.3255345
Teresa Hill,67,09634 Daniel Port Suite 403,South Michaelchester,Alabama,27024,151.118528,89.663713
Terry Vasquez Jr.,51,267 Kevin Spurs Suite 391,New Rebeccafort,Nebraska,20904,31.048105,27.312578
Tara Howell,34,135 Jordan Forge,Ashleyville,Texas,29302,-31.602598,-53.235577
Jessica Johnson,47,0772 Thomas Track,Port Marioshire,Wisconsin,68188,-143.110884,-47.5066235
Kyle Hawkins,18,569 Brittney Ridge,Emilymouth,Missouri,41251,38.792924,65.3318835
Thomas Martinez,69,907 Jones Wells Suite 970,East Steven,New Jersey,48411,174.791283,63.7155805
Margaret Garcia,57,649 Jenkins Lodge Apt. 844,Angelaburgh,West Virginia,72640,119.679164,-86.510993
Tammy Gardner DDS,60,526 Hayes Skyway Suite 535,Lake Cynthia,Arkansas,05625,-167.192851,-30.2047175
Christopher Parks,28,4213 Henry Ranch Apt. 261,East Rebeccashire,Delaware,94537,46.253429,-32.2979385
Daniel Mitchell,24,3359 Stephanie Roads,Vickiestad,Connecticut,74855,58.562870,64.1486705
Theresa Long,34,973 Dunn Street,Nancyhaven,New Hampshire,34015,6.080968,87.314750
Carol Hardy,67,7001 Foster Drives,South Brian,Alaska,54245,-105.735099,77.7572965
Ryan Austin,53,795 Simmons Forks,New Anthonyfort,New Hampshire,61290,153.771789,18.015897
Chad Harper,65,6527 Lisa Center,Sandovalberg,Montana,19404,-68.722216,-24.953921
Kathryn Jimenez,56,3312 Bradley Street Suite 451,New Julie,Vermont,14454,-137.332342,-21.253611
Amanda Wallace,28,003 Brown Prairie Suite 016,Andersonhaven,Utah,04241,-71.494126,18.420596
Kristin Parrish,64,57952 Anna Motorway,Karenmouth,Rhode Island,27051,102.110796,85.3309985
Mrs. Natalie Lucas,35,9717 Jay Underpass,East David,Massachusetts,18981,-128.056583,-6.2660235
William Williams,70,8564 Lewis Stravenue Suite 743,East Kentborough,Illinois,08333,-4.390544,62.108568
Katherine Mccoy,62,6206 Benjamin Throughway,Lake Kyle,Oklahoma,16072,40.035934,-43.879310
Cheryl Savage,43,25339 Martin Drive Apt. 022,East Susanchester,Hawaii,65506,136.251095,29.018111
Patricia Moss,51,704 Burnett Prairie Suite 916,West Jessicashire,Arkansas,85024,138.204436,-21.2531055
Matthew Anderson,40,120 Anderson Lane Suite 843,Benjaminland,Louisiana,46373,46.565060,41.7078005
Casey Smith,53,4283 Jason Points Apt. 377,Kathleenbury,North Dakota,31906,-136.133237,62.171838
Patricia Ortiz,39,98550 White Junctions,Kelseyfort,Wisconsin,96347,0.929493,-42.4312265
Marie Gordon,23,80462 Becky Creek Apt. 794,East Julie,Montana,44797,-165.216702,82.509005
Kristen Martin,66,68841 Laura Rest Suite 636,Port Kristinchester,Arkansas,63605,-143.887014,70.3852005
Brittany Herrera,53,3309 Hannah Valley Apt. 766,Gloverborough,Alabama,45763,120.426022,68.9179595
James Valentine,58,103 Armstrong Road,North Amandafort,Utah,35196,91.849936,-24.8715995
Michael Phillips,28,2059 Joseph Crossroad Suite 505,Lake Markview,Mississippi,33985,89.186521,46.9335745
Jacob Castaneda,74,500 Kimberly Cliffs Suite 493,Gregoryborough,Kentucky,93249,-158.769905,-73.0227465
Juan Barron,49,01640 Sean Flat,New Bethany,North Carolina,79891,2.971066,35.3067995
Julie Payne,49,56467 Walton Cliff Apt. 356,Heatherberg,Indiana,75884,115.249386,-2.573196
Sean Gomez,39,37852 Travis Port Suite 237,Megantown,Nebraska,13770,167.093956,59.9129965
Janet Morales,65,281 Erik Land Suite 308,Fullermouth,South Carolina,29779,-82.195173,-32.9763145
Mark Bolton,64,473 Lisa Gateway,Johnsonborough,Washington,93448,177.031034,-66.4401625
Cameron Colon,33,684 Cole Meadows,Stephanieshire,Rhode Island,19312,25.788724,19.8047105
Ms. Karen Miller,63,9850 Robert Dale,Robertsonmouth,Kentucky,55598,-140.226271,5.777838
David Adams,39,1755 Kirk Crossing,New Cherylfort,Montana,04219,-27.730154,-84.2496715
Bonnie Sandoval,18,46662 Smith Harbors Suite 766,North Amberport,California,32354,155.234575,4.7080395
Sarah Brown,24,955 Thompson Circles,Port Amanda,Ohio,34683,-83.530018,-63.074642
Mark Marsh,33,982 Castro Key Apt. 330,Masonton,South Dakota,02461,-62.481379,33.521264
Joseph Gonzalez,51,88294 Sarah Field Apt. 308,Mccormickstad,Virginia,89031,-25.333823,-22.6639925
James Stevenson,43,310 Ethan Spur,South Kendra,Minnesota,64306,-122.823284,-88.017291
Andrew Moore,68,272 Webster Fall Suite 135,Rosalesburgh,Virginia,61657,-82.482114,-37.2172845
Eric Hale,76,387 Lopez Village Suite 746,East Kelseytown,Delaware,03747,-106.875004,-49.1357005
Joseph Hernandez,31,88180 Amber Junction,Whiteland,Michigan,06497,110.117385,81.118819
Maria Aguilar,48,0647 Gonzalez Terrace Suite 586,Port Sarah,South Dakota,98615,142.075327,-82.4911285
Anthony Terrell,65,6985 James Trail Suite 783,Port Michael,Oklahoma,95364,34.078285,-6.942576
Stephanie Lewis,34,96040 Tammy Centers,Singhland,Tennessee,98249,-33.152469,24.0484265
Dawn Patterson,26,4751 Janice Ridges Suite 536,North Jenna,Kentucky,60579,-47.805805,-18.2227655
Jared Barron,42,668 Deborah Extensions Suite 297,New Brian,South Carolina,77168,41.844908,-60.823983
Wesley Horne,22,134 Jorge Plaza,New Brian,Minnesota,01542,-74.240178,-88.001966
Jennifer Brown,35,01996 Kelly Green Suite 137,Ashleyberg,Oklahoma,10625,-101.181287,66.308673
Tyrone Hill,75,6465 Jennifer Pine Apt. 542,Tracystad,Nevada,86139,-139.633313,59.708300
Gregory Golden,60,057 Oconnor Trafficway,Smithtown,Kentucky,65277,40.174315,4.304060
James York,67,27842 White Mountains Suite 106,Louisbury,Indiana,92479,53.257524,23.6986845
Justin Holmes DDS,71,9112 Jessica Ranch Suite 083,Lambertburgh,Washington,42190,-25.524089,51.638899
Kristin Miller,55,91916 Sandra Harbors Suite 430,Fowlermouth,Iowa,28678,138.763669,52.9073915
Dalton Chandler,72,120 Rebecca Forest,Hollandborough,New Mexico,48616,106.805707,34.110873
Sara Lloyd,33,38215 Pamela Garden,Danielsport,Idaho,51415,-10.555059,71.1783235
Natalie Evans,67,2243 Johnson Isle,Sharonburgh,Rhode Island,47252,123.853906,-27.6383445
Jeffrey Bell,47,2455 Miller Extension,Chadstad,South Carolina,21750,79.936879,-42.436855
Lindsay Washington,59,94113 Bell Viaduct,East Charlesport,Alaska,92258,35.828791,-83.7001615
Teresa Brady,22,472 Evans Burg,Port Fred,Virginia,86938,163.219147,20.8004725
Scott Mora,32,461 Le Courts,North Brittany,Delaware,32039,-155.301656,59.0495535
Dr. Daniel Sanders,26,110 Daniel Tunnel Suite 063,Kaylafort,Louisiana,07383,-136.187293,-33.5098015
Donald Ross,51,010 Carrie Prairie,Lake Codyborough,Iowa,74646,-33.910511,-29.9667525
Judith Morgan,64,891 Curtis Loop,West Eric,Indiana,23979,-32.808454,18.0718475
Victoria Smith,68,8995 Martinez Shores,Teresaview,New Jersey,41713,-139.123125,-25.629205
Michelle Santos,48,968 Hunter Junction Suite 521,Gonzaleztown,West Virginia,74017,52.893815,-22.4209705
Travis Martin,19,731 Douglas River,Johnfort,Missouri,32004,69.183639,-37.683782
Jessica Miller,57,1125 Mason Trail,Devinfurt,Alaska,45458,-14.973694,68.532194
Chelsea Montoya,34,9279 Miller Springs,Tammytown,Mississippi,07532,-44.539412,23.405451
Nancy Lopez,29,442 Samantha Highway,Port Duane,Alaska,72145,26.309796,3.472536
Jessica Banks,80,067 Miguel Drive Suite 660,Donfurt,New Jersey,22694,18.377715,-26.585812
Sarah Carney,20,569 Arnold Path,Lake Brittanychester,Virginia,52456,-177.053014,-5.4196635
Megan Miles,66,5039 Paul Green Apt. 235,West Christopher,Tennessee,67508,-129.091344,20.661138
Justin Bryant,63,71176 White Crossroad,Nancychester,Texas,47998,-15.070732,45.7279485
William Jackson,51,58630 Richardson Harbors Apt. 838,Powellville,Alaska,21045,155.006453,-77.679589
Heather Owens,73,181 Riley Summit,Amandastad,Hawaii,29527,-129.121106,1.8256565
Cheyenne White,53,1883 Carroll Views,Lake Jeffrey,Ohio,02716,66.509185,-24.4112455
Sandra Bullock,40,1869 Gonzalez Trace Suite 625,South Melissafurt,New Jersey,78955,168.245405,-35.4370525
Jessica Wilkerson,21,388 Stephen Wells,Jenniferfurt,Nebraska,98528,-49.459789,-36.386873
Jeremy Marsh,35,944 Smith Cove Suite 863,Mirandafurt,Utah,69891,-55.010974,79.903759
Christopher Hall,57,121 Christine Shores,New Katie,Wisconsin,19452,-62.868115,-29.7184695
Ronald Boyd Jr.,77,89721 Sullivan Gateway,Sullivanchester,Florida,29162,68.755402,37.5102195
William Bolton,52,2459 Pacheco Highway Suite 547,North Tamitown,New Hampshire,53604,53.989719,69.3232815
Miss Dawn Brown DDS,58,4415 Lisa Lock,North Frankshire,Ohio,17509,160.075545,41.507462
Courtney Martin,18,0519 Santiago Manor Apt. 233,Mitchellborough,Indiana,21082,-42.101947,10.1437505
Benjamin Olson,58,777 Marvin Way,West Christopher,North Dakota,24848,-4.992863,39.685522
Mark Harris,78,3049 Beverly Flats,Port Matthewfurt,Georgia,12503,17.846895,-6.0112465
Thomas Black,71,929 Laurie Plain,North Theresa,South Carolina,07535,-92.950074,40.6067125
Linda Chaney,60,107 Emma Drives Suite 836,Bassview,Rhode Island,73484,-88.728945,66.8571845
Bill Flores,18,80231 Rodney Haven,Carlosfurt,Iowa,37468,6.727969,-36.936408
Ashley Williams,79,0614 Howell Squares Suite 168,New Johnside,Massachusetts,34029,43.543483,1.073914
Mark Aguirre,80,335 Mitchell Shores Apt. 508,East Holly,Hawaii,47241,159.068771,65.6134685
Jonathan Harrison,19,9498 Alex Skyway Apt. 747,East Jason,South Dakota,78420,-162.218946,-62.7902345
Rhonda Page,24,86501 Holland Bridge,New Crystal,Nevada,92684,-87.130318,37.5013545
Peggy Burnett,50,77523 Adams Burg,North Alexis,Hawaii,13209,145.967952,-66.5970985
Susan Jones,73,4304 Cruz Way Apt. 208,Booneton,New Mexico,86922,-52.279841,19.5612075
Michelle Castro,43,60013 Daniel Ferry Apt. 350,Virginiaport,New Jersey,87639,-32.576020,31.5550805
Allison Dillon,40,846 Houston Club Suite 365,West Bryanshire,Rhode Island,31523,-86.854019,-26.7552125
John Best,53,14475 Julie Road,Port Angelfort,Illinois,06855,152.312638,56.7941755
Adrian Martinez,26,70420 Randall Tunnel,Deniseside,Massachusetts,78313,153.176549,0.933810
Eddie Miller,19,310 Anderson Lakes,East Melissa,Iowa,16765,139.606928,-79.0105955
Nicole Bates,68,33111 Erika Hill Apt. 609,Tracyside,Ohio,88871,-112.333261,-47.5580625
Linda Wilson,44,61800 Mcbride Plains,North Susanville,Kansas,95198,-90.295350,-26.228525
Shawn Keller,79,7136 Claudia Shores Suite 659,Cooperview,Wisconsin,82736,87.883302,-3.0798145
Drew Bailey,47,7344 Joseph Plains Apt. 773,East Dawnberg,Arizona,12394,-91.307355,75.033775
Donna Harding,52,10345 Patterson Shoals Apt. 484,Milesburgh,Michigan,46529,-150.504568,-30.5247905
Scott Alexander,41,0990 Randy Mews Apt. 043,Williamsmouth,Alaska,64914,11.315933,28.0997245
Hannah Hill,36,9199 Danny Junction,East Danielstad,Oregon,84079,-111.212629,-47.8297175
Gregory Mitchell,51,28101 Norton Crescent,Josephbury,Ohio,35147,-49.044521,64.6157265
Carlos Hoffman,62,00228 Gabriel Crest Apt. 774,South Robert,New York,37760,58.227991,-14.302241
Teresa Walker,38,366 Reed Meadows,Sheritown,Wyoming,12481,-39.505578,58.2222235
Tanya Watkins,57,582 Benjamin Lane Suite 336,New Caseyville,Connecticut,02461,-21.666681,-54.610933
Victoria Mitchell,48,31725 Smith Tunnel Suite 625,Thomaschester,Connecticut,69569,-31.681100,59.9323045
Amanda Jones,61,1792 Stout Lane,Franklinport,Minnesota,50058,-148.617023,-6.6312535
Adrienne Larson,79,899 King Keys,North Johnside,Rhode Island,70083,-43.959037,75.864131
April Cuevas,68,3364 John Turnpike Apt. 497,Samanthafurt,Vermont,43793,-118.712074,-75.7759425
Dustin Robinson,79,9159 Sloan Path,Thomasport,Mississippi,93396,63.802084,-33.6928825
Patrick Harrington,36,585 Patrick Fields,Jonathanshire,Kansas,64073,14.479122,25.2104415
Sharon Jensen,69,486 Janet Turnpike Suite 206,West Juanberg,Michigan,11728,-48.245966,35.943199
Ann Miller,37,238 Lori Course,Joymouth,Louisiana,49702,155.751032,60.946240
Christina Taylor,18,8834 Davis Turnpike Apt. 159,Alexisland,Kentucky,96450,-6.952837,41.451222
Joseph Beck,40,0719 William Ranch Apt. 146,Lesliefurt,Montana,68986,-69.325509,24.3873385
Brandon Barnett,22,144 Jesse Keys,Mooreton,Mississippi,26685,76.625087,-73.4070055
Andres Morrison,77,79056 Benjamin Lake,Port Rhondastad,Indiana,99869,28.008933,57.959320
Gregory Freeman,46,58182 Daniel Summit Suite 338,Nelsonshire,North Carolina,62736,-73.995042,34.6218705
Gwendolyn Harris,56,599 Scott Corner,Aguilarstad,Connecticut,92315,-148.902603,-14.5248615
Caitlin Holt,21,9123 Steven Turnpike Apt. 972,Shannonville,North Dakota,99838,108.785420,85.5734285
Walter Miller,75,8933 Pamela Tunnel Suite 643,Kathleenstad,Kentucky,74022,-131.820661,-2.8430255
David Welch,31,57127 Carl Rapids Apt. 264,Brandonberg,Michigan,88244,73.868206,-37.1411285
Calvin Daugherty,75,4601 Sarah Terrace,South Matthew,Vermont,41614,165.450097,-81.867070
Keith Mcmahon,50,3027 Alicia Walk,Lake Jeffrey,Tennessee,53332,-148.295790,38.6787395
Benjamin Daniel,65,184 Wright Mission,New Natalie,North Carolina,97610,-49.718390,1.7837555
Dwayne Frye,26,628 Derek Harbor,Bartlettstad,Missouri,87768,15.490527,-8.6221265
Richard Thompson,54,7089 Denise Forks Apt. 945,Lake Edward,North Dakota,36116,-144.806008,89.6839255
Kathryn Vasquez,60,77368 Cynthia Streets,Goldenstad,South Carolina,33499,-49.977272,14.675599
Mary White,42,705 Monica Walks Apt. 622,West Ericfort,Texas,46645,-51.123901,52.5532235
Ryan Martin,45,4981 Caroline Rue,South Joseph,Georgia,07394,-176.836774,-18.126187
Chloe Petersen,48,079 Jeffery Vista,North Makaylahaven,Louisiana,11342,-77.929906,31.0478955
Dorothy Sutton,44,17869 Taylor Corner,Ryanfort,Colorado,31540,74.151593,-51.318863
Tyrone Bass,40,59358 David Common,Michaelville,Hawaii,84304,-177.054059,61.404338
Shannon Campbell,33,715 Mary Course Apt. 420,New Samuelstad,South Dakota,82152,-15.989196,-24.013041
Brian Young,38,6807 Diaz Cape,South Anthony,Connecticut,70948,-52.236773,-13.5387095
Craig Ford,59,2751 Miller Tunnel,Carlton,Alabama,74755,-56.942228,25.253909
John Medina,66,714 Christopher Rue,East Austin,Indiana,25058,-128.370557,-85.985548
Kylie Rice,61,4548 Reynolds Crescent Suite 512,Mooremouth,Utah,01350,120.605905,-76.428498
Heidi Ryan,31,00694 Brenda Loaf,Hopkinsburgh,North Dakota,41004,151.718279,69.188010
Danielle Brooks,54,37580 Jeanne Summit Suite 692,New Shelby,Ohio,47083,173.963906,-70.474363
Jonathan Carrillo,20,46440 Carter Shore Suite 390,Robertsshire,Alaska,61204,-0.048443,51.2259475
Natasha Underwood,71,9234 Tina Fork,Port Paulview,Utah,32571,-26.268647,66.906047
Jesse Leonard,69,88654 Michael Viaduct,Perryland,Utah,48719,75.017264,10.3761275
Joshua Petersen,21,61087 Murray Circles Apt. 367,East Luisville,Arkansas,80083,-164.388341,6.552558
Sharon Waters,54,28469 James Squares,North Joseph,Texas,33315,3.779042,-10.806324
Wendy Garcia,73,36386 Sanchez Causeway,Ericland,Rhode Island,45746,-22.915929,-64.343785
Ruben Brown,64,2662 Lee Point,Bowersport,South Carolina,03585,172.960046,58.0801915
Jerome Hamilton,70,661 Eric Ports Suite 102,New Kayleeberg,New Hampshire,27765,-49.042807,45.5698635
Megan Carlson,63,9292 Hannah Lock Apt. 564,Port Diana,Missouri,38477,-51.519326,75.218005
William Cantrell,22,0539 Kennedy Mountains,Lake Stephaniehaven,Louisiana,37245,-53.705417,7.5488905
Vanessa Wolfe,72,74715 Crawford Canyon Apt. 279,Knightland,Maine,66687,142.895075,58.5183925
Leslie Bowers,78,7100 Hawkins Meadow Apt. 285,New Elizabeth,California,80991,-174.256924,-0.667967
Paul Merritt,63,115 Alexa Park,Garciamouth,Georgia,96146,129.554858,63.5130235
Dwayne Murphy,55,12154 Powers Lane,Moralesburgh,South Carolina,86215,-138.200942,-9.5850785
Leslie Shaffer,56,942 Vargas Canyon Apt. 203,Butlerside,Arkansas,31401,62.532497,1.232603
Adrian Franco,67,952 Jackson Circles Suite 381,New Michaelborough,Texas,06171,105.677997,44.1535045
Tammy Perez,30,02131 Bradford Trace Apt. 783,Rebeccabury,Michigan,21665,-149.311765,-77.573298
Martin Walsh,71,1270 Powell Ports Apt. 864,Websterville,Montana,16588,2.642234,82.950099
Anna Padilla,50,414 Micheal Cove Apt. 343,East Adam,Nevada,44370,-30.069095,52.049588
Christopher Morgan,62,9028 Thomas Shore Apt. 356,Lake Stephenfurt,Tennessee,03882,168.737019,-57.2107575
Scott Pitts,39,091 Ryan Rest,North Philliptown,North Carolina,37696,-50.368951,41.1149295
Jermaine Blankenship,43,41141 Jessica Mountains,Langview,Georgia,02928,120.660157,55.948761
Susan Sullivan,27,247 Michael Mills Suite 341,New Alexis,Minnesota,22361,63.274035,57.0872495
Wayne Martin,67,7875 Brown Springs Apt. 784,Charlesstad,Florida,19367,-113.217933,-81.818665
George Smith,69,663 Christopher Inlet,Villegasview,Maryland,56460,13.752482,-55.038441
Roger Miller,41,6392 Merritt Camp,Patriciaburgh,Virginia,33523,-91.980531,-42.241322
John Hodges,27,6361 Maria Springs Suite 196,Kelliemouth,Colorado,89038,-55.157182,-66.057111
Scott Vega,27,7680 Walters Overpass,South Pamela,South Dakota,32394,-6.143799,-31.281232
Timothy Becker,30,724 Kevin Harbors,Reynoldsborough,Alabama,82931,100.183978,7.5527415
Anthony Douglas,74,089 Katherine Square,South Tonya,Wisconsin,75000,-133.339691,-38.332079
Tyler Bender,37,836 Patricia Springs Apt. 454,Cynthiaborough,Ohio,79344,68.104541,77.685482
Mary Jones,36,08330 Austin Rapids Suite 969,South Christinefurt,Kentucky,01773,-173.285260,75.3665235
Robert Mcdaniel,28,723 Hancock Fork,East Johnnyfort,Arizona,82548,-44.077494,-74.562024
Christopher Walker,59,053 Hunter Stream Suite 637,Millerfurt,Tennessee,08299,134.565815,82.159244
Joshua Graham,42,848 Hines Cove,West Sydneyview,Nevada,37212,-177.714651,21.445810
Jasmine Ryan,36,23066 Mccarty Vista Apt. 988,Stacyton,New Hampshire,31370,157.178689,51.037381
Heather Duran,53,1050 Savage Ridges Apt. 193,Lake Matthew,Maryland,06810,130.992370,60.209223
James Orr,23,59778 Michael Parkways,Loriberg,Illinois,32869,82.038092,59.323272
Anna Bridges,54,83069 Fernandez Rapids,Christopherfurt,Alaska,33324,-40.244030,15.8916255
Helen Conway,50,0411 Christopher Greens,Pricefurt,Vermont,64071,-56.539168,76.0265405
Latoya Jones,54,75211 Cole Ville,East Andres,Delaware,42170,-56.832243,9.3126205
Christopher Miller,58,78680 Kramer Route Apt. 726,South Jose,West Virginia,14298,-42.585171,40.7235495
Taylor Fritz,48,4458 Lawson Locks Suite 443,Loritown,Texas,10683,28.149433,70.629704
Shelley Butler,39,623 Carrillo Squares Suite 161,North Erica,Nevada,31473,-165.739302,74.6081475
Jeffrey Booth II,37,53133 Haynes Junctions,Danielville,Nebraska,67395,-102.280879,-2.796408
Kaylee Perez,65,073 Anthony Parks,Parsonsport,Texas,04653,-138.351159,68.8686315
Alexis Jackson,18,92773 Thomas Roads Apt. 058,North Davidchester,Texas,31175,-33.286709,-85.756404
Haley White,30,47139 Lindsey Isle Apt. 816,West Crystal,Virginia,81576,139.008742,-61.645956
Mr. James Duncan II,29,93280 Smith Creek,South Randychester,Missouri,92203,130.384923,-28.121027
Raymond Freeman,20,39692 Andrew Prairie,Sheilaport,Virginia,85829,150.381714,-74.4919725
Karen Alvarado,63,54199 Christopher Summit Apt. 125,South Andrew,Tennessee,11186,-104.686915,-15.311289
Margaret Caldwell,24,847 Harris Motorway,West Brandonmouth,Maine,93426,-92.350040,38.1965805
Amanda Smith,45,948 Amanda Tunnel Suite 944,North Elizabethport,Wyoming,11507,-70.703847,-42.2985035
Donald Smith,24,92875 Martin Groves,Sandramouth,Rhode Island,31857,-57.157428,-63.1902015
Michael Davis,66,9590 Miller Turnpike,Johnland,Georgia,58857,23.689961,-35.2634375
Philip Lopez,53,1399 Jeremy Groves,Marcialand,Connecticut,08431,-36.543279,-9.343708
Autumn Myers,36,917 Derek Dale Apt. 067,Michaelville,Minnesota,49130,169.087384,-88.0702275
Daniel Vega,56,252 Kim Landing,Clarketown,Illinois,92392,167.105024,-69.534217
Jonathan Brandt,53,31195 Haynes Estates Suite 418,New Ronald,Alaska,47103,35.419049,49.4177465
Michael Herman,48,12631 Sarah Plain,East Aaronfort,Colorado,30091,-162.841562,30.1253445
Lee Bennett,52,78857 Natalie Flats Apt. 713,Duffyville,Hawaii,15939,-160.271422,7.4227425
Victoria Garrett,28,4372 Potts Courts,West Shannonshire,Wisconsin,90103,87.517922,-20.004310
Melissa Garcia,39,67466 Wong Street,Port Johnathanville,New York,76548,-4.823061,-0.250006
Jamie Perry,20,4557 Cummings Trace,South Christopherhaven,Texas,17640,62.232105,-10.776146
Nicole Adkins,29,3455 Diana Grove Apt. 201,Davidmouth,West Virginia,42718,84.757375,-25.553167
Vincent Harrell,28,2392 Spears Glen,Brownborough,Indiana,83924,-0.119074,-63.6856695
Robin Torres,27,4493 Dean Land Apt. 992,North Christopherview,Illinois,74484,108.895098,-51.474604
Brian Johns,25,8116 Veronica Bypass Apt. 078,Davidland,Oregon,06214,164.223864,-87.7594545
Selena Hale,25,176 James Coves Suite 680,New Christinastad,California,54206,60.905052,-68.5079765
Sarah Mitchell,48,60090 Danny Ramp,Lake Michael,Washington,05091,173.085971,-51.4299875
John Keller,36,1106 Michele Station Suite 597,Robertberg,Pennsylvania,45585,28.039344,40.7828615
Becky Johnson,49,6187 Stephen Heights,Lake Michael,Maine,20753,-63.962203,-74.2386635
Melissa Davis,65,5733 Bell Locks,Port Shannonshire,Michigan,22260,58.288105,3.709112
Jennifer Palmer,69,2834 Sanchez Mission,Justinland,Oregon,37440,-127.063986,-47.8882655
Brittany Pierce,37,842 Garner Center,Levinefurt,North Dakota,01767,159.243750,-87.049869
April Mason,44,759 Andrade Underpass Suite 154,North Stephenville,Indiana,72255,-137.721139,-46.5578775
Robin Baker,44,09262 Marcia View,Erintown,Colorado,89214,1.833707,70.8022415
Mary Hill,54,227 Smith Walk,Ericmouth,Texas,27942,-22.089502,2.632832
Lauren Jones,27,3216 Tyler Parkway Suite 261,North Williamhaven,Nebraska,37760,-137.368602,-17.8836485
Amy Sullivan,74,073 Anthony Course Suite 711,Annburgh,Minnesota,52726,-178.536890,-79.3487515
Max James,79,937 Gabriel Ford,Stephenside,Montana,63242,-49.757790,-43.595930
Joshua Thompson,70,401 Brandon Stream Suite 346,Lake David,Kansas,06572,3.849170,-5.2669925
Lisa Palmer,38,48326 Steven Loop Apt. 271,Rachelville,Colorado,67792,-142.620072,-65.302361
James Andrews,40,414 Diaz Burg Apt. 882,South Kelly,Wisconsin,14769,-151.138707,31.427361
Gina Nelson,67,7396 Grant Lights Apt. 913,Johnnychester,Hawaii,34430,-63.625149,30.0281015
Michelle Carr,79,65910 Fleming Knoll Apt. 631,East Traceyhaven,Texas,50636,-132.467162,6.277930
David Banks,59,62420 Emily Branch Suite 041,North Michaelstad,Georgia,65926,-55.414856,64.2664565
Reginald Mora,64,4253 Bailey Extension Suite 198,West Jennifer,South Dakota,51022,152.285041,-11.027757
Emily Gregory,35,336 Davis Mountain Suite 562,Gomezborough,Virginia,26686,-132.641710,50.572987
Mary West,60,893 Melissa Field Apt. 291,Greerberg,Alabama,29303,6.007554,-44.3598215
Leslie Smith PhD,46,82166 Peters Corner,Barberport,North Carolina,34284,-79.477120,74.389428
Paul Johnson,49,276 Timothy Walks,Douglaston,Massachusetts,27893,32.780481,8.0340065
Mark Clark,47,37779 Smith Stravenue,South Stephaniemouth,Wisconsin,96983,-4.959062,-78.3603085
Sara Berg,55,0236 Michael Estates Suite 332,Ramoshaven,Hawaii,31932,-1.295747,-80.0116235
Aaron Morgan,45,703 Clark Parkways,Warrenchester,South Dakota,45551,172.995465,-50.0661215
Miranda Taylor,34,204 Kelly Streets Suite 899,Smithshire,Indiana,60666,98.654397,37.6685295
Dr. Eric Bauer,18,37897 Powell Extensions,South Robert,Iowa,19120,137.140929,33.047535
William Stephens,38,0134 Michael Mountains Apt. 250,Danielletown,Michigan,31813,-88.226954,-53.3221125
Kayla Conley,64,2965 John Shores,North Darlenemouth,Kansas,65675,39.894311,78.4064865
Laura Rivera,37,53878 Arias Light,Theresaborough,Michigan,53205,65.995906,-29.0381685
Nicholas Carlson,23,667 Anna Corner,Fisherberg,North Dakota,50316,-164.962666,30.5801145
Mrs. Linda Duffy,48,138 Kathryn Expressway,Brianfurt,Florida,88829,-31.815862,79.8477635
Joshua Mcdaniel,34,1534 Jones Port,Kingside,Utah,10115,-26.963963,38.586361
Ashley Medina,26,076 Proctor Valleys Suite 655,Munozbury,Indiana,18372,116.328654,-17.886007
Evan Blair,67,698 David Fords Apt. 803,East Markburgh,Tennessee,36858,79.773162,-88.7776435
Dylan Sosa,72,36032 Kevin Gateway,West Briannamouth,Utah,47969,125.463001,88.9307735
David Valdez,46,224 Riley Springs Suite 231,Jamieton,Idaho,69410,172.192540,-80.4395225
John Stanton,45,74756 Smith Loop Suite 360,Port Shelly,Massachusetts,74418,70.675597,89.573310
Andrew Brooks,40,06991 Cristian Motorway Suite 533,North Jo,Virginia,53707,58.555769,-10.1607595
Amy Randall,23,7466 King Wall,Barbaratown,New York,89259,-135.352663,-62.3641905
Juan Finley,74,7653 Robert Court,Port Ashley,Maryland,63844,44.550932,-80.972945
David Avila,46,209 Amanda Mission Apt. 742,West Denisestad,Florida,38877,157.833428,81.8518295
Terri Graves,45,8375 Gonzalez Crossroad Apt. 232,Williamsmouth,Mississippi,68860,-34.001781,22.4535815
Ryan Warren,30,11626 Singleton Radial,Brookeburgh,Indiana,43065,-115.452515,41.718154
Jessica Rivera,69,161 Johnston Port Suite 524,North Matthew,South Dakota,76389,178.111356,20.538418
Tamara Jensen,64,995 Lisa Ramp Suite 092,New Michael,Delaware,05337,-177.302423,-14.6097015
David Washington,41,6566 Garcia Wall,South Anthonyfort,West Virginia,52440,93.410818,-5.6985115
Ian Ortiz,72,88639 Walter Loaf Apt. 718,Lake Sophia,Minnesota,48098,-152.910403,-56.0591455
Lauren Velasquez,66,10201 Gabrielle Flat,Davidmouth,Alaska,17088,123.119104,-57.368524
Tyler Walker,72,91983 Jose Fort,Williamside,Michigan,84839,-178.473994,-2.594805
Emily Ingram,39,5009 Sandra Villages Apt. 116,Transide,Oregon,38640,30.145827,-32.905196
Tyler Stone,34,19792 Christine Cape Apt. 690,Port Susan,Georgia,76382,-61.703306,-56.911928
Jack Hensley,55,607 Leslie Ferry Suite 992,East Jennifer,Iowa,13227,-22.541098,-56.577086
Kevin Parker,67,80877 Becker Walks,New Sharon,Rhode Island,20893,-174.084623,-41.1470565
Shawn Bishop,19,257 Johnson Square Apt. 457,Christopherchester,California,17061,82.614794,-65.329585
Sonya Montgomery,66,7699 Joshua Harbors,Mooremouth,Texas,49108,4.886654,-5.431187
Bruce Moore,34,017 Randall Shoal,Lake Oliviabury,Alabama,55601,-129.488859,22.242059
Amy Parker,32,81383 Cox Vista Apt. 139,Shortbury,Texas,56184,-65.003270,-58.9009005
Kyle Robinson,73,5928 Stefanie Lock,East David,Kentucky,83597,-144.914777,-70.0866815
Matthew Perez,25,735 Julia Trace,Port David,Missouri,65652,100.541987,83.182578
Carlos Pham,39,4737 Raven Highway,West Michelle,Iowa,51092,41.718552,42.8373605
Amanda Arnold,62,85452 Gallegos Village,Espinozaburgh,Washington,59222,62.472547,-32.1745955
Desiree Walker,68,2741 Amanda Tunnel Suite 938,Shaneside,Delaware,69402,7.760379,-28.7616565
Tony Ross,46,76327 Sarah Bypass,Kevinmouth,Hawaii,23739,6.573003,-9.6044365
Paul Orr,61,782 Jason Terrace Apt. 891,East Deborahshire,Illinois,12927,-102.246032,-18.359701
Mary Gomez,31,82045 Justin Knolls Suite 711,Heidifurt,Minnesota,86780,79.248508,-39.715851
Heidi Thomas,36,590 John Viaduct,Richardland,New York,07987,-165.280952,-4.494233
Brian Hernandez,44,223 Colleen Mountain Apt. 764,Cynthiafurt,Montana,88411,-8.654678,-56.507674
Christian Sanford,67,76055 King Motorway Apt. 150,Kathleenmouth,Pennsylvania,84809,91.592672,85.911877
Amanda Gardner,43,482 Charles Village Suite 771,East David,Montana,85269,119.898508,-13.559342
Colleen Casey,19,9730 Campbell Court Suite 891,West Jessicatown,Montana,83317,60.952631,87.616419
Mary Valencia,37,18510 Burton Road,Coxmouth,Rhode Island,55944,0.646404,-0.695043
Katrina Hicks,45,732 Cindy Glens Suite 767,Ericburgh,Georgia,30613,176.465361,-1.0139865
Phillip Mendoza,31,04499 Jonathan Wall,Gabrielbury,Hawaii,14413,52.731839,4.6797355
Victoria Rasmussen,54,35219 Patricia Knolls,Amberbury,Vermont,93827,-111.715465,-62.475998
Jasmine Camacho,35,8667 John Glens,East Lisa,California,13053,157.468392,-17.4185205
Jennifer Gonzales,70,7354 Lisa Haven,Gibsonmouth,South Dakota,41863,-85.458009,-61.812309
Pamela Gonzalez,65,951 Swanson Cliffs,Shieldsmouth,Alabama,42514,16.436293,57.916477
Sonya Anderson,53,2128 Juan Burg,Combsburgh,Delaware,33373,101.776174,-61.419783
Dawn Chavez,79,07667 Whitehead Wells Suite 636,Mcintoshbury,Tennessee,36433,-99.968596,-31.3194015
Jennifer Anderson,64,05248 Rebecca Mill Apt. 054,Myersshire,Louisiana,35969,-128.418953,59.013803
Mario Sandoval,37,9065 Andrew Skyway,Staffordland,California,36514,-61.849205,-74.807927
Dennis Alvarado,27,640 Mary Mountain,New Amanda,Maryland,55154,179.696081,64.7731255
Dr. Gwendolyn Smith,71,21993 Brandon Roads,East Kendrahaven,Oregon,13157,-92.018517,15.368763
Rick Vasquez,33,505 Marshall Parks Apt. 562,Port Rebecca,North Dakota,84876,-39.174097,27.5412255
James Carr,52,3475 Erica Courts Suite 341,Lake Melissa,Arizona,42594,143.328134,-48.036744
Marc Brown DDS,62,03330 Karina Neck,Wilsonview,Pennsylvania,73638,-107.497401,-61.2331935
Briana Smith,29,3607 Cantu Terrace,Peterland,North Dakota,98955,12.753928,-85.5727745
Jonathan Miller,20,57218 Dodson Street Suite 051,New Denise,Wisconsin,16613,82.679597,32.616783
Eric Little,29,44190 Lawrence Views,East Sherryfort,Virginia,58035,-142.243286,-46.084627
Samantha Carr,38,24096 Howell Isle,Edwardsview,Louisiana,00530,114.573193,14.9307455
Jennifer Chan,55,1920 Deanna Stravenue Suite 252,West Cynthiafort,Colorado,31286,8.784787,53.8258305
Jamie Griffin,71,6072 Maria Shore,Anthonystad,Connecticut,28385,145.067249,74.182803
Matthew Smith,20,5428 Kyle Locks,New James,Alaska,23119,139.446351,-74.2049435
Amanda Simmons,69,92067 Andrew Mountain,North Nicholasfurt,Wyoming,52497,-79.928317,-15.268676
Evan Reed,60,20942 Clark Walk,Adamsville,California,65085,-105.572813,81.4052245
Joseph Lawson,73,187 Watson Parks,South Lindsay,Texas,77571,-157.952551,-63.4320035
Debra Guerra,25,6523 Sanchez Islands Apt. 500,Ericberg,Wyoming,76304,-9.870625,69.7857615
John Duke,41,4408 David Plaza Suite 436,Lisaview,South Dakota,58878,68.203471,-13.898275
Brittney Meyer,75,09406 Maurice Valley Suite 479,Swansonville,Oklahoma,09868,147.033649,-50.831995
Justin Daniels,72,999 Austin Rapids,East Michael,Hawaii,40814,75.904556,18.491045
Rose Pearson,38,02090 Misty Dale,Port Sandra,Kentucky,71995,-25.005960,-88.1305235
Matthew Sims,54,3138 Paul Square,Clintonland,Kansas,58779,135.595290,58.1873945
Henry Weiss,73,477 Lee Square Apt. 090,Janiceton,West Virginia,57559,-38.735085,50.320684
Jason Rodriguez,53,6313 Joel Square,North Hannah,Utah,08584,44.052335,-54.079431
Jennifer Brown,47,8053 Carter Shore Suite 653,Ingramhaven,Ohio,86572,-163.147477,-10.428765
Maria Santana,43,88285 Garcia Grove Apt. 009,Port Michael,Oregon,35209,139.879500,-8.3234525
Brandi Hayden,71,811 Theodore Springs,New Bobby,Virginia,58753,-179.923254,14.1229245
Candice Lowe,50,597 Jessica Valley Apt. 661,Karinatown,Ohio,04048,89.988860,-61.987025
Laurie Ward,51,5278 Davies Neck Suite 108,New Joshua,Utah,08066,159.069936,-11.8333155
Debra Galloway,62,120 Gloria Road,Lake Adrian,Virginia,55553,-20.172710,51.3573025
Samantha Conrad,55,42212 Carrie Course Suite 586,West Heather,California,30674,-164.398869,6.7372035
Kari Schultz,75,8358 Charlotte Island Suite 128,South Betty,Illinois,97409,80.297335,84.197330
Mr. Scott Moore,77,1098 Alyssa Stream,Ambertown,South Dakota,21477,44.839897,-75.357902
Tracie Myers,35,6269 Angela Fields,Kimberlyview,Arizona,13483,45.202889,10.438567
Diana Thompson,50,87980 Salazar Causeway Apt. 320,West Zacharyland,New Jersey,20025,21.214500,73.391062
Linda Owens,73,47144 Sean Viaduct,Lake Anthony,Illinois,81742,49.816630,1.2029505
Kelly Smith,74,332 Sims Shoal Suite 258,West Pamela,Idaho,91714,10.165269,12.1270225
Bill Perez,73,14507 Adams Pines Suite 852,Flynnbury,Delaware,60835,46.886371,53.545748
Justin Collins,47,2135 Maurice Creek,South Tiffany,Arizona,25290,-130.532097,-68.357828
Marissa Bates,44,10944 Jacqueline Ramp Suite 596,Millerview,Mississippi,05008,-67.952818,-15.524424
Jennifer Reed,30,149 Stephen Wells,Angelastad,New Hampshire,71500,96.129368,-88.429194
Jeffery White,46,476 Kathryn Glens,West Adamland,New York,41165,105.616675,-52.557841
Alexa Jensen,48,71063 Raymond Walk,Randybury,Minnesota,38606,-105.982912,62.316325
Alicia Berry,52,082 Roger Lake,Coleview,Maryland,36521,162.030956,-0.508028
Ashley Allen,49,816 Maldonado Creek,Griffinchester,Oregon,38754,16.289952,45.0547035
Andrew Myers,44,030 William Port Apt. 410,Andersenburgh,Minnesota,56789,-71.897800,43.2294505
Michael Richards,30,0115 Lucas Island,Port Joseton,Maine,45188,34.099044,-85.374471
Erin Price,74,2032 Olivia Divide,Tamaratown,Idaho,05838,118.964231,-42.868060
Christopher Morris,33,933 David Villages,Griffithburgh,Georgia,01151,30.852725,65.3483705
Daniel Johnson,69,407 Jared Walks Suite 132,Sarastad,Washington,15388,20.387498,73.2032985
Caroline Aguirre,22,589 Morales Plains Apt. 819,North David,Tennessee,66760,-35.129786,43.186629
Raymond Campbell,63,635 Scott Station,West Katherine,Indiana,59038,135.715865,27.4674965
Justin Martin,25,70248 Adams Extensions,Garciamouth,Utah,79694,75.280470,-55.6643515
Thomas Nguyen,59,295 Randy Island,Harrismouth,Alabama,46551,131.032718,-56.296315
Joshua Johnson,58,8937 Kimberly Square Apt. 968,Barnesfurt,Nebraska,19936,156.414886,-17.015364
Thomas Dennis,41,146 Thompson Crossroad,New Eric,Virginia,28800,-1.392975,54.547296
Christopher Madden,77,206 Williams Corner,Kellyview,Louisiana,59967,-87.346964,-17.9684355
Richard Wilson,58,56219 Donald Lock Suite 244,Robertfurt,Maryland,33494,33.967904,9.031370
Jon Davis,35,9073 Gilbert Lake,East Shawnhaven,Washington,22456,8.708067,-9.7569535
Shelley Hale,64,1730 Paul Station,Ortizshire,Idaho,77347,12.817219,-66.4393645
Collin Scott,30,653 Cortez Fields,Port Aaron,Wyoming,53469,-32.468840,85.498710
Michael Brown,71,4153 Rachel Port,Jacquelinemouth,Nebraska,21050,-158.581521,-31.525750
Michael Mcdowell,36,59026 Cummings Turnpike,Christophermouth,New Jersey,31976,172.294937,-14.394588
Abigail Nelson,68,6700 Young Summit Apt. 166,Robertsonchester,Vermont,52688,-59.811721,14.731232
Shelley Bernard,44,93641 Morris Forks Apt. 904,Lawsonview,New Jersey,45808,148.099125,18.8813355
James Ortiz,28,68121 Johnson Forks,West Cody,North Carolina,47532,142.741269,-31.7115005
Kyle Smith,70,85930 Thompson Land Suite 481,Port Jasonberg,Nebraska,08855,5.544464,-66.340241
Courtney Wu,77,05881 James Knoll Apt. 276,Baldwinbury,Massachusetts,84818,-156.876069,-12.987801
Jenna Arnold,72,9478 Smith Manors Apt. 834,Diazview,Mississippi,78062,20.290408,56.462968
Anthony Moon,56,79516 Tabitha Ramp Apt. 726,Derekfurt,Maryland,17886,172.503179,14.037241
Madison Pittman,66,2319 Thompson Center,Lake Carolyntown,Kentucky,20561,-176.776816,84.2116705
Julie Fisher,27,601 James Ridge Suite 180,Caldwellmouth,Idaho,11537,43.127527,64.5800455
Andrew May,32,73593 Bell Centers,Duaneborough,Kansas,26121,62.996032,-46.4441275
Ashley Carr,58,06556 Laura Locks Apt. 533,Port Tina,Georgia,07113,30.669723,38.362075
Elizabeth Stanley,75,382 Harris Tunnel,Danielletown,Louisiana,54237,115.270252,48.721480
Joan Green,74,56217 Shannon Park,West Amandamouth,Missouri,90042,-151.947308,-10.8573645
Jimmy Lee,55,201 Walker Road,Brittanyton,Tennessee,12046,-168.712852,-73.9341535
Donna Lamb,18,8792 Russell Plaza,Millerview,Washington,38137,135.947281,72.798458
Raymond Valdez,69,520 Martinez Glen Apt. 111,Jasonmouth,Nevada,30841,-56.632320,-12.404013
Benjamin Adams,58,76760 Mccullough Field,Lake Lisa,Texas,27140,118.263742,45.6190565
Kimberly Moran,67,89393 Jesse Drive,East Georgeton,Delaware,06204,174.027398,28.9712515
Janet Solomon,19,850 Gonzalez Vista Suite 856,Leemouth,Missouri,73231,-139.450605,-11.176431
Loretta Clark,48,558 Gary Wall,Jamesside,Washington,70834,-26.371499,-34.373804
Michael Cochran,59,66094 Parker Coves,Vincentview,North Dakota,69985,26.526229,-58.585816
Gloria Smith,73,972 Phillips Spur,Racheltown,Minnesota,58411,-58.323259,-7.800454
Elizabeth Brown,35,30672 Martin Underpass Apt. 372,Millstown,Washington,11155,48.914943,-7.210670
Hannah Herman,59,02712 Taylor Meadow,East Ianfurt,South Carolina,94977,-31.304852,21.076020
Zachary Marshall,52,386 Patrick Fort,East Caitlinberg,Montana,60556,-136.489556,63.288678
Paul Tucker,63,510 Johnson Mountains Apt. 272,Petersonport,Hawaii,96667,-21.782547,-71.144085
Makayla Lee,53,4277 Park Mountains,Harrisburgh,Florida,21618,-34.183610,44.745037
Kayla Williamson,39,918 Brian Trafficway,North Sarahland,Maine,88101,-144.267348,-27.2741035
Anthony Smith,63,7062 Tiffany Ports Suite 538,Hallton,Wyoming,12737,84.060011,-70.193998
Beth Phillips,46,350 Amy Plaza,Powellland,Pennsylvania,63302,-58.230979,19.096318
Carlos Green,59,075 Butler Lodge Suite 089,Lake Amy,Hawaii,66381,93.527712,-65.7483255
Patrick Cook,80,88252 Jonathan Pines,Lake Adam,Oregon,94872,72.905466,-54.928941
Yolanda Martinez,69,2935 Susan Rapids Apt. 129,South Jessica,Washington,55864,-88.789492,39.6682235
Kelsey Byrd,58,593 Nguyen Harbor,Liushire,Rhode Island,16300,52.181329,76.1801995
Julie Lyons,54,7583 Joshua Plain,Pamelaland,New Mexico,98297,46.159829,33.266080
Sonya Martinez,72,555 Anderson Corner Apt. 945,Nicoleside,Montana,25262,-53.149604,-60.262091
Zachary Brown,63,945 Patricia Oval Suite 064,Patriciastad,Wisconsin,01500,92.269603,68.540941
Steven Smith,42,473 Eric Common,West Stephanie,New Jersey,24531,-19.875788,-28.3320445
Michael Odom,74,8917 Mccarthy Isle Suite 343,Jenniferfort,Michigan,60056,8.434408,-53.333064
James Dean,33,782 Hendrix Rue Apt. 167,Port Andrewburgh,California,38586,24.667037,45.306250
Richard Torres,80,08906 Edward Isle,Landrytown,Arkansas,56278,161.854154,28.447358
Michele Villarreal,37,279 Lisa Tunnel,Brittanymouth,Minnesota,27006,-108.968816,64.360545
Arthur Evans,58,33780 Chen Pines Suite 818,Nicholasland,Florida,12775,22.544204,37.2467125
Tristan Collier,72,881 Stephenson Cliff Suite 478,Valdezhaven,South Dakota,99761,-171.497567,0.2058005
Kevin Scott,55,2301 Julia Coves Apt. 882,Scottside,Texas,53553,159.465742,64.084604
Kelsey Baker,54,530 Brittany Corner,Christophertown,South Carolina,71273,62.327729,-5.953332
Sarah Smith,80,61559 Latoya Trace,Lake Angelica,Indiana,30856,166.531830,43.9862725
Ronald Chambers MD,25,32773 Cordova Wells,Tiffanyberg,Massachusetts,32801,37.261951,17.0951915
Miguel Moreno,36,51128 Stuart Light,Goldentown,Tennessee,27828,13.620736,71.591930
Albert Martinez,69,99610 Amanda Prairie Apt. 109,East Savannah,Missouri,14477,-119.083930,0.0168115
Connor Williams,47,07063 Garcia Camp,Vegahaven,Wyoming,26532,84.414632,-68.8937005
Ashley Peterson,49,757 Burnett Spur Apt. 649,Carrollmouth,New Jersey,06836,-9.613281,-56.675316
Theresa Tran,67,95562 Dwayne Courts,Robinsonmouth,Minnesota,44873,-67.809620,68.8312755
Steven Wilson,63,879 Melinda Circles,Mooreburgh,Washington,16509,100.239160,71.257305
Ronald Irwin,55,29536 Bird Branch Apt. 478,Tamaraborough,Nevada,24506,-11.304658,27.799147
Jonathan Smith,22,911 Foley Parkway Apt. 120,Lake Rachael,New Hampshire,58727,120.894989,18.776961
Jonathan Steele,78,2470 Matthew Locks,Brookeland,Arizona,67149,-118.990127,-22.9421305
Pamela Harris,48,16095 Frank Cape,Stuartstad,Maryland,01113,106.812320,-44.388361
Mary Cuevas DVM,77,76371 Hunt Lakes Suite 858,Drakeside,South Carolina,91017,148.659671,-43.445644
Ian Gordon,35,7264 Hall Trafficway Apt. 148,West Scottmouth,Kentucky,34768,114.930453,60.9825785
Heidi Phillips,28,72980 Wise Cape,Jimside,Tennessee,14374,-84.143530,-30.010860
Shawn Horton,52,4220 King Meadows,East Sara,Missouri,77905,148.240970,-2.1899945
Charles Zhang,19,091 Melissa Cliffs Apt. 273,Isaacville,South Dakota,55533,-178.975453,25.7319215
Matthew Carpenter,18,0436 Christian Canyon,Ericbury,Minnesota,18134,17.299144,65.1066455
Donna Montgomery,75,83346 Rice Shores Apt. 692,South Henry,Maryland,66549,-74.345847,1.5555845
Deborah Harper,20,685 Christine Union Suite 741,Port Randyshire,Arkansas,20439,63.791676,84.2401385
Aaron Stone,74,35620 Fowler Plaza Suite 430,Terrymouth,Illinois,59908,45.985352,12.6632255
Amy Mitchell,29,7367 Bradley Overpass,New Nancyhaven,Kansas,51694,168.109114,-62.581603
Travis Garcia,70,0882 Zimmerman Freeway Suite 052,Lake Christopher,Rhode Island,84236,-77.667065,32.1286195
Patrick Salas,55,22270 Perkins Parks,Port Curtis,Kansas,02561,116.472730,-42.9211575
Erika Reed,63,628 Lewis Via Apt. 366,Mcculloughside,Alabama,23389,-47.250157,-78.5177335
Sharon Rodriguez,80,1648 Hanson Well Suite 498,New Lauraside,Connecticut,67823,-19.661930,-77.0272385
Kathleen Wilson,52,81573 Anita Lodge,Lambertville,Missouri,70399,-5.115394,-58.316808
Timothy Jimenez,32,436 James Mission,Hartville,Oklahoma,54498,159.773242,31.821815
Mary Barnes,75,91704 Copeland Track Suite 274,East Curtisbury,Utah,55670,133.800286,36.582278
Juan Allen,22,4060 Kemp Lodge Apt. 734,North Karaburgh,New Hampshire,92038,33.283956,-78.7448895
Michael Norris,21,081 Mathis Trail Suite 223,Nicholeville,North Carolina,68824,122.321659,-23.0888745
John Hurley Jr.,44,23325 Brandy Path,Vaughnmouth,Maryland,12891,133.074910,-59.447727
Eric Pierce,63,68625 Coleman Expressway Suite 561,Kirbyville,Texas,13570,154.103115,-31.064998
Michelle Craig,51,2856 King Meadow Suite 720,West Jimmyton,Indiana,03098,-158.130144,55.703507
Teresa Becker,33,4726 Brenda Courts Suite 140,Jennifertown,Maine,20311,-149.092529,58.1389165
Reginald Morris,24,5193 Craig Skyway,Lucasshire,Maryland,73335,-132.670547,-21.5417935
Troy Hoffman,74,5867 Jackson Harbor Apt. 448,Knappburgh,Illinois,60590,19.796786,-17.390987
Shelly Wilson,31,937 Carpenter Expressway,West Dustin,Wyoming,12639,29.646259,31.4583275
Jennifer Shelton,57,285 Victor View,New Heather,Idaho,17173,-115.125324,-39.095301
Jane Noble,70,356 Benjamin Skyway,Rosschester,Georgia,25925,4.202506,-15.3208645
Mrs. Angela Lewis DDS,80,2462 Pamela Heights Suite 180,Port Charlesmouth,Virginia,03665,-111.086181,-33.6530905
Courtney Fischer,37,2903 John Ports,East Jake,Wisconsin,85953,-112.164055,-21.6264235
Erica Castillo,43,1102 Lauren Junction,Port Melissaview,Kentucky,02522,-174.222605,-65.4829965
Christopher Daniels,37,9462 Smith Extension,South Thomasfurt,Georgia,62664,22.317331,-45.0847095
Marc Phillips,49,8065 Mitchell Mountain Apt. 196,Herrerashire,Nevada,36839,-74.771541,53.826696
Taylor Davis,53,4024 Pena Common Suite 923,North Carlfurt,West Virginia,42621,87.934042,-86.2128495
Pamela Johnson,44,214 Sarah Loop,Ortizstad,Texas,30641,95.295880,68.900013
Jessica Rogers,58,466 Armstrong Landing Suite 683,Perryborough,Colorado,82922,-25.667878,48.331731
Gregory Burke,25,71204 Young Island,North Maryfort,Tennessee,88332,128.871053,-33.432250
Carol Tyler,42,390 Edgar Station Apt. 756,Greenmouth,Alabama,87865,13.468978,65.698976
Joshua Combs,58,51311 Tate Track Apt. 050,Port Daniel,North Dakota,25028,106.428751,-49.1685305
James Long,65,183 Wilson Keys,Robinsonhaven,Arizona,07179,-131.191595,-64.800294
Tim Brown,59,064 Jackie Path Suite 645,Steinburgh,Arizona,99490,-23.167100,-18.1377245
Michael Zhang,55,4455 Patricia Radial,Lake Betty,New Hampshire,38374,-66.395554,-29.756871
Scott Morse,60,77047 Kristine Burg Suite 822,South Scotttown,Delaware,47708,-111.191329,44.972740
Corey Burgess,79,86475 Ronald Fork Apt. 944,Christinafurt,Connecticut,96018,19.442853,19.5079025
Dr. Kimberly Schneider,55,15268 Smith Walks,Coxborough,Arizona,45810,43.978851,34.652299
Brian Landry,54,12151 Ryan Manors,Port Haileymouth,Arizona,25489,98.304386,-49.412161
Jacob Davies,63,24377 Kerr Locks,East Traciton,Mississippi,12500,101.343202,-34.2987465
Jennifer Clayton DVM,78,25173 Donna Forges,East Annamouth,Washington,40067,70.241837,-59.5932555
Paul Martin,71,91305 Hardy Court Apt. 629,Clarkville,Indiana,01080,-169.715297,25.215752
Robert Marshall,20,471 James Square Suite 159,East Jacob,Maryland,46888,30.107995,-12.457933
Susan Nunez,48,703 Burke Field Apt. 604,Cookview,Idaho,09493,79.789173,-8.272405
Brian Pratt,58,923 Melinda Junctions Apt. 217,South Belinda,Nevada,24301,174.287748,-38.048820
Kevin Cooley,40,25349 Jones Drives Apt. 511,Catherineport,New Hampshire,91898,32.077750,83.142503
Alex Wood,36,49500 Harris Way,West Tracey,Oklahoma,05559,11.677340,84.8555925
Juan Pham,44,13847 Brock Mall,Port Josephport,Minnesota,65813,-94.364912,37.020467
Karen Hall,42,1259 Jessica Flats,Elizabethberg,New York,70033,67.019927,21.6423425
Gary Fuentes,54,182 Nelson Meadows,Morrisshire,Delaware,53590,-56.306689,63.4223895
Cory Ruiz,64,75838 Kara Track,New Janicemouth,South Dakota,04533,64.947404,39.372669
Elizabeth White,50,70603 Deleon Station Suite 829,East Benjaminbury,Alaska,44867,-63.253296,1.6653205
Tracey Goodwin,22,6885 John Pass Apt. 099,North Judy,New Jersey,68509,-132.354263,76.6632755
Christopher May,33,5537 Ryan Shores Apt. 111,Walkertown,Vermont,73953,178.932840,12.277043
Holly Richardson,22,446 Garcia Trail,South Brian,Massachusetts,56097,35.209620,0.092093
Rebecca Haynes,41,7366 Sheila Plains Suite 777,Garrisonfort,South Dakota,67031,-167.691031,52.998413
Daniel Parks,48,949 Figueroa Track Suite 607,North Kristieport,Maryland,70113,114.662596,-0.3646155
Dylan Bradley,79,7801 Rivas Vista,North Nicole,Missouri,21762,10.906600,-68.3801685
Alan Cole,70,60338 Campbell Camp Apt. 294,West George,Idaho,14046,-28.148021,-65.064328
Brad Maddox,65,53689 Wiley Spur Apt. 874,Hinesburgh,Georgia,81178,-53.921950,-42.673769
Randy Weber,41,79496 Bryan Green,Parkerstad,Louisiana,30520,-112.507068,-52.5833085
Katherine Brown,52,97937 Samantha Unions,West Andre,Maine,34734,11.789734,-19.241529
Luis Compton,28,6513 Troy Falls Suite 837,Gabriellaton,Kentucky,34334,-52.098940,61.259314
Kristine Hernandez,51,6443 Brooke Point,Nicholstown,Louisiana,38814,120.068214,-44.660855
Christine Webb,46,597 Krystal Isle Suite 880,New Danielview,Connecticut,80530,-148.163525,-9.021711
David Montgomery,22,165 Nelson Extensions Apt. 211,Millerberg,Massachusetts,90999,-123.660133,80.389203
Amy Herman,27,4700 Lydia Manor,Stanleyland,Georgia,33043,-13.847520,5.9984145
Brianna Smith DVM,69,429 Eddie Road Apt. 168,Contrerasfurt,Kansas,86910,-87.744262,-29.0780915
Zachary Nicholson,69,8393 Kyle Ford Suite 299,New Jeffrey,Rhode Island,16442,66.101464,42.256264
Matthew Robinson,45,2366 Ward Inlet,East Kristinatown,Mississippi,18599,62.716448,-48.0576825
Laura Reynolds,73,21774 Jesse Drive,Yateshaven,Massachusetts,02094,-64.347909,50.354570
Jonathan Hurley,59,63150 Herring Valleys,South Rodneymouth,New York,84740,144.722558,22.6160935
Elizabeth Murray,66,641 Rebecca Trail,Derekbury,Wyoming,80809,-27.080068,82.1712895
Suzanne Scott,56,1092 Michael Radial,West Audreyview,Nebraska,32787,98.589474,83.825503
Matthew Berg,52,22270 Franklin Pines,West Laura,Virginia,40264,138.008166,-17.5969835
Robert Williams,25,0250 Wong Passage Apt. 245,New Chadfort,Tennessee,61407,-62.847545,-18.4405455
Megan Ho,64,87625 Ashley Knoll Apt. 041,East Donaldbury,Wyoming,68314,119.170295,-70.0270945
Holly Petty,39,04262 Blair Court Apt. 199,New Francesshire,Connecticut,39845,119.057155,-38.3968375
Matthew Morris,47,33588 Patrick Station Suite 782,Port Marissa,Vermont,79939,-97.901954,34.772076
Donna Thomas,26,1820 Dawn Groves,Skinnermouth,Utah,99069,71.492808,73.0972925
Kimberly Dunn,34,0309 Nicole Walk Apt. 454,East Bryan,Wisconsin,35870,78.761859,57.204584
Samantha Lloyd,61,742 Reyes View,Jeffreychester,Nebraska,23260,41.724015,-54.326970
Nicholas Hammond,38,67742 Johnson Ford,Tamaraport,Connecticut,45292,86.422207,-47.9444335
Maureen Cabrera,62,89841 Turner Forges Apt. 799,New Kyle,Colorado,19085,-48.137191,-54.530086
Ashley Castro,48,646 Wood Wells,Amberbury,Maine,09027,-13.447043,-84.6373435
Cynthia Jones,35,6594 Chloe Street Apt. 630,Watsontown,Nevada,73027,161.206014,-88.782335
Angela Benjamin,48,8895 Johnson Port,East Tammyside,Alaska,43225,87.264295,-75.2610565
Joanna Bell,33,22443 Jonathan Viaduct Apt. 845,Lake Travisburgh,Oklahoma,89264,-110.941579,-18.5201065
Michael Palmer,57,9865 Jessica Corners,Hansenmouth,Arizona,78143,-50.348138,41.5357075
Crystal Smith,56,5205 Deanna Valleys Apt. 907,Hallport,Wisconsin,54127,29.336852,84.492462
Thomas Bell,53,44991 Nicholas Field Suite 770,West Lindsay,Alabama,55364,-130.299558,49.9157085
Colton Murphy,56,95613 Smith Creek Apt. 212,Kimport,Illinois,35506,-92.414064,-66.202192
Nicholas Williams,34,77971 Tracey Land,Leahmouth,Utah,85313,-154.707112,24.117681
Andrea Miller,40,056 Clayton Wells Apt. 547,Matthewstad,Wyoming,01387,-5.353572,66.408387
Caleb Fitzgerald,77,0545 Myers Lights Apt. 534,South Christopherport,Missouri,97913,-98.392486,-79.938500
Brian Adams,49,9580 Aaron Green Suite 719,Taylorview,Oregon,61950,-105.221141,31.112968
Andre Taylor,27,364 Thomas Heights,Taylorchester,Idaho,07639,47.295064,-87.3276575
Katie Garcia,78,96176 Christian Drive,New Julieburgh,Illinois,37058,73.618795,33.366229
Emily Baker,80,17752 Clark Drive,East Phyllis,New Mexico,41541,163.204189,84.137747
Jennifer Riley,35,7547 Parrish Circle,North Jillmouth,Alabama,81691,-12.986343,-53.9162935
Elizabeth Patterson,37,11170 Sharp Road Apt. 658,Port Jameschester,Virginia,92078,-68.866782,29.5859145
Joy Evans,41,887 Kristina Greens,Kimberlyside,New Mexico,32118,79.712967,19.446332
Joanna Beck,29,389 Jason Circles,New Ashley,New Jersey,59593,116.862658,64.521680
Connor Adams,48,2995 Kimberly Cliffs Apt. 930,Port Tracyview,Arkansas,74233,-167.746364,23.2367095
Deborah Wu,54,83876 Miller Glen Suite 195,Murrayburgh,Louisiana,26124,151.555597,-9.5850075
Kathy Lopez,52,5867 Reed Crossroad Apt. 038,New Samantha,Alabama,01454,-121.937519,23.608237
Levi Ali,38,698 Jennifer Island Suite 611,Lake Markstad,Vermont,95223,61.971455,53.478973
Mariah Ross,27,3741 Jessica View,Port Carmentown,New Jersey,21466,125.669603,-46.201443
Jared Harvey,60,023 Cruz Bridge Suite 275,Pottsport,North Carolina,49425,47.834636,-42.236657
Madison Stone,65,6970 Joseph Brook Apt. 113,East Timothy,New York,49763,74.918182,38.4494025
Jason Bishop,42,89945 Hines Fall,Lake John,New Mexico,38263,148.287612,-52.0786785
Kathleen Mendoza,27,2664 Garza Islands,East Catherine,Oregon,67461,-115.772109,-1.5306455
Savannah Sosa,34,46619 Garrett Walks,Ballardmouth,New York,58465,93.407670,25.885800
James Ramirez,47,449 Thomas Loaf,Ericbury,Connecticut,60956,-23.674571,32.697565
Samantha Moreno,79,9346 Hurst Road Suite 739,Williamshaven,Massachusetts,64317,142.864255,-71.3334835
Kimberly Jefferson,62,870 Maria Lights Apt. 894,Lake Thomas,West Virginia,74542,123.590297,-86.6128435
Beth Scott,62,545 Stanley Roads Suite 067,Port Brittanytown,Utah,58234,24.922028,-39.1208925
Alexander George,62,80195 Evans Point Apt. 310,North Nicholas,South Dakota,41764,20.235584,62.0417785
Tony Gilmore,79,324 Flores Garden,North Samuel,Nebraska,24771,-145.497469,46.1958405
Elizabeth Graham,46,2138 Suzanne Mountains Apt. 778,Lake Maxwell,Alabama,54819,-8.700619,-67.428821
Tanya Taylor,41,010 Elizabeth Land Apt. 441,New Charlenemouth,Wisconsin,11799,96.333319,-69.4104075
Audrey Burns,47,057 Brian Squares Apt. 706,Tranburgh,Wisconsin,15022,-76.478327,-65.873173
Thomas Lucas,65,970 Jaime Points,Perezton,Pennsylvania,66534,-72.182695,49.355022
Louis Lopez,26,5848 Johnson Club Apt. 114,Lewisfort,Louisiana,73637,121.861681,84.513161
Kayla Barr,52,10264 Jennifer Brook Apt. 541,Timothyborough,Texas,09197,-126.706782,68.513691
Sheri Alvarado,35,9490 Rivas Ferry,Port Karlaberg,Maine,56039,54.022886,-77.135296
Mark Gardner,41,20476 William Lake,Kathleenside,Arizona,24112,99.250034,-40.770876
Patrick Parker,42,916 Carly Route Apt. 471,Johnsonfurt,North Carolina,17906,47.462566,62.8875845
Dr. Patricia Mccall,66,75749 Benjamin Junction Suite 654,Christyshire,Washington,60866,-141.841477,33.843747
Rita Smith,64,66514 Nelson Union,Lake Zacharyview,Iowa,55568,119.602495,15.7880215
Gabriel Khan,63,43421 Bobby Garden Apt. 161,Joshualand,California,13645,151.606201,0.9665955
Rachel Mccullough,26,8100 William River,East Christopher,New Hampshire,97841,51.404954,12.7891905
Tanya Contreras,36,7445 Ashley Ville Suite 015,North Maryberg,Delaware,86270,29.246944,72.204077
Colleen Nguyen,80,0016 Hansen Point,Warrenhaven,South Carolina,14552,-170.212098,-9.898464
Craig Livingston,49,570 Chavez Mall,Alexandraburgh,California,57715,-137.140556,-65.607710
Jeanette Walker,22,35450 Pace Tunnel,East Jessefurt,Wisconsin,29056,92.678300,16.119382
Sharon Martinez,47,35035 Sharp Trail,Clarkshire,Florida,56123,170.264478,78.714512
Angela Griffith,42,6620 Gomez Spurs,Port Mathewmouth,Rhode Island,23179,148.383490,39.1958605
Seth Mcdonald,66,57117 Corey Stream Suite 368,Sarahport,Idaho,04877,8.492492,-34.2574465
Laurie Brown,35,328 Heather Plains Apt. 678,Lake Eileenmouth,South Carolina,04299,86.754346,62.3577295
Brian King,23,0043 Courtney Falls,Michaelview,Oregon,17137,-150.471186,44.4034915
Jill Brown,29,4404 Summers Place Apt. 224,Lake Katiefurt,New Mexico,72669,121.018872,-89.605623
Karen Mcgrath,47,33458 Coleman Rest Suite 081,Jameston,Louisiana,66738,43.340546,-68.6143685
Joseph Nichols,78,3697 Chen Tunnel Suite 630,Lake Reneeside,Minnesota,90248,-42.258458,57.7468905
David Williams,31,36577 Campos Unions Suite 472,Ashleymouth,Arizona,41129,-136.747859,19.0880935
Craig Williams,67,889 Williamson Cape Apt. 108,New Dennisberg,Utah,70323,-154.915669,76.7641735
Cameron Brown,22,0050 Acosta Vista Apt. 760,North Amyshire,Rhode Island,32840,96.992764,11.3685405
Rebecca Williams,58,577 Cole Corner,Lake John,Georgia,19707,-45.716090,-63.9893885
Daniel Powell,51,969 Martin Plain,West Kimberly,Indiana,46225,141.305604,36.5245635
Randall Reynolds,49,46413 Dale Lights Apt. 672,Rodriguezburgh,Alabama,36027,-163.136233,-0.996653
John Harrison,50,6549 Sullivan Square,New Scott,Ohio,71594,-29.959741,-42.4750265
Holly Barnes,78,8350 Cook Branch Apt. 936,Avilaberg,California,28273,153.032632,31.9484395
Brian Hanna,26,837 Tanya Locks,Underwoodstad,South Carolina,70647,130.655910,-54.276354
Timothy Cunningham PhD,63,7266 Sarah Hollow,Normanchester,Iowa,44841,82.445845,-31.692115
Barry Abbott,69,411 Gutierrez Crossroad,Christophershire,Ohio,34258,-79.551521,2.220333
Sandra Perez,42,5623 Carlson Village,Valenciatown,North Carolina,68481,-100.515050,-70.4190915
Rebecca Hancock,65,0525 Devin Curve,Port Bradley,Idaho,28784,-157.074102,65.8043235
Christine White,67,102 Stephens Gateway Apt. 687,Jamesshire,North Dakota,45717,-95.845209,-13.065617
Brooke Singh,60,3836 Nicole Lodge Apt. 574,Whiteshire,North Dakota,52363,-32.750484,-68.813126
Angela Li,54,400 Jennifer Mall Apt. 078,West Steve,Colorado,99419,-175.233559,70.540137
Debra Smith,24,0458 Nichole Village,South Mandyburgh,West Virginia,18678,-141.896513,34.0272725
Eileen Butler,41,89779 Davis Plain Apt. 862,Port Davidberg,Wisconsin,86379,-65.238262,-46.950496
Timothy Johnson,42,558 Flores Dam Apt. 340,Port Allenberg,Tennessee,84166,124.092190,-85.4091895
Julian Taylor,34,030 Matthew Center,North Renee,Wyoming,17531,7.717942,45.1553905
Whitney Sandoval,44,980 Jackson Corners Suite 317,Philipberg,Alabama,70972,51.983492,-61.6282975
Mario Owens,18,6553 Sara Skyway Suite 501,Carsonstad,Indiana,03907,-124.096982,-44.056285
Jessica Watts,77,6166 Scott Track,North Carlosbury,South Dakota,02435,-18.683470,-67.205925
Rachel Walker,28,469 Garrison Turnpike Apt. 459,North Kaitlynmouth,Louisiana,39335,-0.754064,-53.9269255
Roger Guerra,79,5572 Christopher Knolls,Thomasbury,Ohio,75631,101.316266,-11.734713
Dr. Donald Waters,63,369 Jackson Branch Apt. 627,Lake Tamaraview,Nevada,47994,-128.317435,62.862982
Cynthia Ward,32,6231 Gregg Plaza,Port Courtneymouth,Alabama,33157,-31.001616,13.0347075
Andrew Barton,56,75566 Michael Crossroad Suite 263,Hufftown,North Dakota,96838,-98.289658,46.004035
Christopher Gutierrez,54,3901 Carlos Brooks,Sarashire,New Hampshire,61032,-159.550791,44.323732
Kathy Gates,78,97844 Tina Villages Suite 602,Tiffanyburgh,Indiana,97972,121.360992,30.1952585
Jeremy Campbell,52,2202 Jacob Curve,East Paul,Indiana,79776,-90.721406,85.1549535
Philip Gonzales,49,9714 Jones Course,West Chelseaburgh,Alaska,66820,-31.954525,-84.5405175
Victoria Larsen,20,3455 Powell Oval Apt. 262,Lake Lauramouth,Rhode Island,24394,162.345994,60.5340365
Carl Alvarez,39,32046 Kristen Point Suite 441,Lake Derek,New York,70124,14.208362,30.259906
Douglas Moss,78,47543 George Bridge,Richardsburgh,Michigan,42366,177.487855,-88.8225605
Sara Chan,77,09706 Bailey Valley,Rhodeston,California,30462,139.458948,-18.2401555
Brittney Decker,42,0354 Rebecca Hills,South Ericashire,Utah,26824,170.289029,-37.1264895
Sarah Moreno,52,902 Smith Stream Apt. 621,Taylorshire,Oregon,10668,77.902227,-15.4053245
Henry Smith,29,5954 Spencer Land,Turnerfort,California,26473,64.718916,5.431703
Brian Garcia,47,3379 Frank Garden,Thomasside,Colorado,08666,-78.484072,58.215701
Anna Chen,41,5308 Miller Walks Apt. 875,Lake Clinton,Delaware,87963,14.463686,51.2096305
Brian Young,46,7673 Steven Mall Apt. 497,East Ashley,Alabama,48260,-31.198334,85.251823
Thomas Johnson,75,2068 Jones Fall Suite 978,New Michelle,Ohio,93606,22.460064,-75.568124
Michelle Watson,80,93681 Amy Fords,East Rachaelburgh,Nevada,21430,-117.687672,-66.9834815
James Holt,31,02786 Diane Street Apt. 728,Lake Juanton,New York,23868,179.213720,17.843510
Kim Cochran,68,0839 Anderson Meadow,West Jenniferton,South Dakota,20695,88.966623,80.507827
Jessica Hall,30,246 Jose Plaza,Port Natalieview,Pennsylvania,17230,115.943020,-80.916666
Stacey Robbins,31,0001 Nolan Center,East Christopher,Wyoming,22379,-137.811830,-11.929596
Jared Le,58,23964 Kendra Lock,Port Trevortown,New Hampshire,41925,-110.307809,81.402006
David Jones,79,3180 Elliott Meadows,Alexmouth,Wisconsin,62954,-21.328020,34.3886405
Jasmine White,36,1605 Carlos Pass,Port Christopherview,Nebraska,38715,110.595927,-36.953957
Kari Sanford,44,75065 Melissa Shore,Lake Bettyside,Maryland,38583,167.044911,28.716887
Kurt Johnson,37,543 Short Canyon,Melissachester,Tennessee,44792,-115.451443,-20.101133
Deborah Tyler,24,42481 Lawson Burg Suite 786,Port Austinton,Utah,91693,90.838549,-2.7288355
Nichole Wood,23,07659 Joseph Spur Suite 399,Buckleyborough,Louisiana,57800,163.660059,-57.568497
Victor Barton,75,39104 Anthony Station Suite 501,Rodriguezborough,Louisiana,45836,-91.913482,55.5274355
Laurie Obrien,54,85271 Matthew Rapid Apt. 760,Port Brandyview,New Hampshire,33336,-163.614024,64.996590
Cheryl Cohen,64,4716 Allen Trafficway,Mcmahonside,Oregon,43693,-33.463373,-35.1765135
Amanda Shaw,40,91519 Richard Camp Apt. 252,New Laura,South Dakota,61768,62.272142,-49.359548
Louis Turner,27,4590 Rocha Heights Apt. 662,East Dylanstad,Rhode Island,55307,-106.005141,-60.987671
Daniel Brady,27,295 Brandy Mountain,East Kaylahaven,South Carolina,01377,-101.515289,27.130651
Jared Ware,44,0827 Rebecca Terrace,Christophertown,Alabama,02391,-21.808521,29.5948505
Gina Harris,38,2726 Marshall Haven Suite 190,Michaelport,South Dakota,66103,-74.801867,31.6472125
Ronald Mann,69,387 Hunter Spurs,North Amandahaven,New Mexico,09515,69.880021,-62.3035285
Dale Hill,27,00718 Rasmussen Creek,East Anthony,New York,89371,140.636720,-59.5288145
Roberto Nichols,24,168 Melissa Divide Apt. 238,Tylerside,Rhode Island,29474,-168.801664,-28.299853
Denise Hamilton,73,53139 Bob Valleys,West James,Connecticut,14447,-3.568468,53.7959845
Jackie Arnold,73,243 Karen Loop Apt. 941,Ruizborough,Montana,01323,5.122528,75.983876
Zachary Phillips,61,8827 Alicia Trace Apt. 245,Janetburgh,Alaska,70994,111.912032,11.2430965
Christina Gould,70,7362 Ralph Landing,North Davidside,New Jersey,98530,-44.233538,57.767302
Gary Jackson,36,529 Jackson Ranch,South Jacquelinefurt,Pennsylvania,31287,-179.622083,-10.2465805
Janice Frank,25,4835 Reyes Plain,Barnesville,Delaware,85989,-144.089424,87.594558
Stephen Grimes,55,5463 Brittney Crescent Apt. 993,Kristinafurt,Oklahoma,52164,91.083685,64.2029835
Kenneth Wong,25,506 Nicholas Pass,Simmonschester,Wisconsin,12908,-21.283902,14.587462
Jill Duncan,76,83022 Susan Falls,West Davidhaven,Maine,44673,-83.682157,-13.7702675
James Garza,79,2979 Billy Via,Lake Robin,North Carolina,62942,-31.183956,-87.016625
Mark Graham,37,68004 Palmer Crossing,Mooreton,Alaska,27769,100.648778,17.6368245
Lori Ruiz,26,31753 Hutchinson Isle Suite 583,South Barbarastad,Tennessee,59554,-2.242701,-26.6762055
Erika Mcdonald,39,1363 Wilson Rue,Schmidtchester,New Hampshire,91551,-152.868293,53.4880985
Jennifer Woods,34,40833 Jonathan Branch,Port Danafort,New Hampshire,75571,51.940401,-85.628590
Dr. Tom Allen DDS,35,121 Tina Squares,Carlsonfurt,Washington,26535,-169.054568,44.476230
Michael Sanchez,74,62507 John Groves Suite 644,West Andrew,Minnesota,17820,-28.488151,-20.538361
Vanessa Warren,54,79786 Reilly View,West Richard,Wisconsin,68222,125.777079,-35.9014715
Rebecca Harper,30,95142 David Valley,Lake Jeremy,Vermont,03788,94.773209,1.294382
Lindsey Meyer,50,86519 Duncan Springs,Robinborough,Arizona,49409,110.371762,-74.292340
Jamie Good,37,54351 Annette Walk Apt. 680,Matthewborough,Iowa,39185,-130.124094,-86.987344
Pamela Quinn,18,70991 Flores Field,New Donald,Illinois,34335,104.084819,22.2947695
Jasmine Bowers,40,037 Mclaughlin Glens,Myersport,North Dakota,50328,154.034198,-46.098374
Kristine Owens,19,427 Lisa Mountains,South Jenniferville,Alabama,48554,2.341234,4.9465135
Nicholas Webster,78,4301 William Ports Suite 148,West Rachel,Alabama,46302,-81.155346,-70.169526
Laura Wilson,44,430 Dawson Drive,Port Jessica,Kansas,52809,-4.138726,7.644682
Bryan Moore,55,918 Richardson Parkways,West Lisaberg,Connecticut,33783,-104.668513,59.585103
Melissa Roman,23,9188 Black Islands Apt. 345,Aaronbury,Iowa,12403,-176.408575,59.6560005
Toni Murphy,61,36606 Colleen Drives,Mortonbury,Wisconsin,25967,-147.518370,77.575678
Heather Gordon,46,55695 Mary Crescent,Pacemouth,Kentucky,93314,90.015002,44.628756
James Valenzuela,48,09037 Matthew Pines,Michelletown,Kansas,28145,-169.134436,-38.1881475
Alex Hart Jr.,60,1091 Marshall Islands,North Kevinhaven,Connecticut,54119,18.225226,19.7958805
Emily Rodriguez,43,2217 Martin Lodge Suite 634,Dudleyberg,North Dakota,40125,46.232896,9.119336
Daniel Arnold,29,2983 Chang Wells,West Robert,Maine,74599,81.364855,-17.2252385
Amanda Scott,21,9982 Black Trafficway,New Michelle,Georgia,43152,-85.026692,-26.750998
Cheryl Johnson,80,54692 Rodriguez Points,Grayhaven,Indiana,95844,-119.941755,-22.1367165
David Wise,64,34784 Pena Parkways,Brandyville,Oklahoma,76663,104.617215,24.5349545
Brian Graves,57,7133 Pham Route,Muellerbury,Tennessee,43835,96.988872,-72.387393
Andrew Faulkner,37,54092 Adam Canyon,Lake Amberchester,Ohio,72431,-16.962615,-60.3608715
Kelly Sherman,70,34529 Hull Ferry,Yoderville,Illinois,22534,-70.588454,72.8384245
James Carter,21,82135 Cristian Hill,East David,Illinois,15697,-149.350816,-70.524672
Melanie Freeman,65,193 Lucas Mills,New Richardfort,North Dakota,14615,-111.881084,-84.0749295
Elizabeth Drake,68,9356 Anthony Parks Suite 394,Lawrenceburgh,Arizona,85851,117.207067,-35.047649
Jennifer Harrison,69,8158 Charles Mill Apt. 102,South Daniel,Colorado,37596,-56.830290,17.709561
Jeffrey Chapman,42,9565 Nicholas Corners,Robinsonberg,Montana,81984,-23.643605,-12.5215265
Geoffrey Garza,45,644 Rebecca Wells Apt. 498,Grayfort,Ohio,29950,129.004151,-4.4980455
Alex Jordan,36,49992 Vincent Street,Robinfurt,California,34414,-53.471154,33.3926575
Todd Manning,21,106 Yesenia Villages,New Debbie,Massachusetts,35879,-33.112161,24.280637
Daniel Jones,29,373 Kyle Ridges Suite 242,Michaelchester,South Dakota,71378,157.246071,29.085374
